﻿Task,TrialType,StimType,Order,CurrentImage,CurrentX,CurrentY,Jitter,Section,TrialIndex,ScannerRun,Delay,TripletMemberA,TripletMemberB,TripletMemberC,Xcoordinate,Ycoordinate,Xcoordinate_lure1,Ycoordinate_lure1,Xcoordinate_lure2,Ycoordinate_lure2,Xcoordinate_foil,Ycoordinate_foil,DemoImage,DemoX,DemoY,InPractice,DemoText,enc_practice_trials.thisRepN,enc_practice_trials.thisTrialN,enc_practice_trials.thisN,enc_practice_trials.thisIndex,enc_runs.thisRepN,enc_runs.thisTrialN,enc_runs.thisN,enc_runs.thisIndex,enc_trials.thisRepN,enc_trials.thisTrialN,enc_trials.thisN,enc_trials.thisIndex,demo_trials.thisRepN,demo_trials.thisTrialN,demo_trials.thisN,demo_trials.thisIndex,lab_thanks.started,lab_thanks.stopped,lab_key.keys,lab_key.rt,lab_key.started,lab_key.stopped,start_encoding_text.started,start_encoding_text.stopped,enc_instructions_1_text.started,enc_instructions_1_text.stopped,enc_instructions_1_image.started,enc_instructions_1_image.stopped,enc_instructions_1_key.keys,enc_instructions_1_key.rt,enc_instructions_1_key.started,enc_instructions_1_key.stopped,enc_instructions_2_text.started,enc_instructions_2_text.stopped,enc_instructions_2_image.started,enc_instructions_2_image.stopped,enc_instructions_2_key.keys,enc_instructions_2_key.rt,enc_instructions_2_key.started,enc_instructions_2_key.stopped,enc_instructions_3_text.started,enc_instructions_3_text.stopped,enc_instructions_3_key.keys,enc_instructions_3_key.rt,enc_instructions_3_key.started,enc_instructions_3_key.stopped,start_practice_text.started,start_practice_text.stopped,enc_fx_map.started,enc_fx_map.stopped,enc_fx_cross.started,enc_fx_cross.stopped,enc_fx_key.keys,enc_fx_key.started,enc_fx_key.stopped,enc_trial_map.started,enc_trial_map.stopped,enc_trial_main_image.started,enc_trial_main_image.stopped,enc_trial_key.keys,enc_trial_key.started,enc_trial_key.stopped,enc_practice_feedback_map.started,enc_practice_feedback_map.stopped,enc_practice_feedback_image.started,enc_practice_feedback_image.stopped,enc_practice_feedback_text.started,enc_practice_feedback_text.stopped,enc_fx_key.rt,enc_trial_key.rt,end_practice_text.started,end_practice_text.stopped,end_practice_key.keys,end_practice_key.rt,end_practice_key.started,end_practice_key.stopped,start_enc_run_text.started,start_enc_run_text.stopped,end_enc_run_text.started,end_enc_run_text.stopped,enc_run_end_key.keys,enc_run_end_key.rt,enc_run_end_key.started,enc_run_end_key.stopped,start_recognition_text.started,start_recognition_text.stopped,rec_instructions_1_text.started,rec_instructions_1_text.stopped,rec_instructions_1_key.keys,rec_instructions_1_key.rt,rec_instructions_1_key.started,rec_instructions_1_key.stopped,rec_instructions2_text.started,rec_instructions2_text.stopped,rec_instructions_2_key.keys,rec_instructions_2_key.rt,rec_instructions_2_key.started,rec_instructions_2_key.stopped,rec_instrauction_3_text.started,rec_instrauction_3_text.stopped,rec_instructions_3_key.keys,rec_instructions_3_key.rt,rec_instructions_3_key.started,rec_instructions_3_key.stopped,rec_instructions_4_text.started,rec_instructions_4_text.stopped,rec_instructions_4_key.keys,rec_instructions_4_key.rt,rec_instructions_4_key.started,rec_instructions_4_key.stopped,demo_map.started,demo_map.stopped,demo_main_image.started,demo_main_image.stopped,demo_image.started,demo_image.stopped,demo_text.started,demo_text.stopped,demo_key.keys,demo_key.rt,demo_key.started,demo_key.stopped,demo_end_text.started,demo_end_text.stopped,demo_end_key.keys,demo_end_key.rt,demo_end_key.started,demo_end_key.stopped,participant,session,date,expName,psychopyVersion,frameRate,
,,,,,,,,,,,,,,,,,,,,,,,,,,,,,,,,,,,,,,,,,,,,6.597955411001749,None,right,9.549876892000611,6.597955411001749,None,,,,,,,,,,,,,,,,,,,,,,,,,,,,,,,,,,,,,,,,,,,,,,,,,,,,,,,,,,,,,,,,,,,,,,,,,,,,,,,,,,,,,,,,,,,,,,,,,,,,,,,,,,,456456,001,2020_ápr_28_1454,trk-encoding,2020.1.0,1003.7499091814495,
,,,,,,,,,,,,,,,,,,,,,,,,,,,,,,,,,,,,,,,,,,,,,,,,,,16.15318424799989,None,17.655661558001157,None,17.655661558001157,None,right,29.31324773000233,17.655661558001157,None,,,,,,,,,,,,,,,,,,,,,,,,,,,,,,,,,,,,,,,,,,,,,,,,,,,,,,,,,,,,,,,,,,,,,,,,,,,,,,,,,,,,,,,,,,,,,,,,,456456,001,2020_ápr_28_1454,trk-encoding,2020.1.0,1003.7499091814495,
,,,,,,,,,,,,,,,,,,,,,,,,,,,,,,,,,,,,,,,,,,,,,,,,,,,,,,,,,,,,46.97313308299999,None,46.97313308299999,None,right,0.6318309729977045,46.97313308299999,None,,,,,,,,,,,,,,,,,,,,,,,,,,,,,,,,,,,,,,,,,,,,,,,,,,,,,,,,,,,,,,,,,,,,,,,,,,,,,,,,,,,,,,,,,456456,001,2020_ápr_28_1454,trk-encoding,2020.1.0,1003.7499091814495,
,,,,,,,,,,,,,,,,,,,,,,,,,,,,,,,,,,,,,,,,,,,,,,,,,,,,,,,,,,,,,,,,,,,,47.60741752600006,None,right,0.32871189700017567,47.60741752600006,None,,,,,,,,,,,,,,,,,,,,,,,,,,,,,,,,,,,,,,,,,,,,,,,,,,,,,,,,,,,,,,,,,,,,,,,,,,,,,,,,,,,456456,001,2020_ápr_28_1454,trk-encoding,2020.1.0,1003.7499091814495,
EncodingPractice,OBJ,TARGET,1,stimuli/fractals/167a.jpg,300.0,0.0,500,Encoding,,,,,,,,,,,,,,,,,,,,0,0,0,1,,,,,,,,,,,,,,,,,,,,,,,,,,,,,,,,,,,,,,,,,,,47.93798742800209,None,48.95873137200033,None,48.95873137200033,None,None,48.95873137200033,None,49.539477956001065,None,49.539477956001065,None,None,49.539477956001065,None,52.54610810899976,None,52.54610810899976,None,52.54610810899976,None,,,,,,,,,,,,,,,,,,,,,,,,,,,,,,,,,,,,,,,,,,,,,,,,,,,,,,,,,,,,,456456,001,2020_ápr_28_1454,trk-encoding,2020.1.0,1003.7499091814495,
EncodingPractice,LOC,FOIL,1,stimuli/fractals/148b.jpg,212.1320344,212.1320344,1000,Encoding,,,,,,,,,,,,,,,,,,,,0,1,1,2,,,,,,,,,,,,,,,,,,,,,,,,,,,,,,,,,,,,,,,,,,,,,53.47264476200144,None,53.47264476200144,None,None,53.47264476200144,None,54.550353184000414,None,54.550353184000414,None,None,54.550353184000414,None,57.549843905999296,None,57.549843905999296,None,57.549843905999296,None,,,,,,,,,,,,,,,,,,,,,,,,,,,,,,,,,,,,,,,,,,,,,,,,,,,,,,,,,,,,,456456,001,2020_ápr_28_1454,trk-encoding,2020.1.0,1003.7499091814495,
EncodingPractice,-,-,1,stimuli/fractals/177b.jpg,300.0,0.0,800,Encoding,,,,,,,,,,,,,,,,,,,,0,2,2,4,,,,,,,,,,,,,,,,,,,,,,,,,,,,,,,,,,,,,,,,,,,,,58.485495251999964,None,58.485495251999964,None,j,58.485495251999964,None,59.363425354000356,None,59.363425354000356,None,j,59.363425354000356,None,62.37577856500138,None,62.37577856500138,None,62.37577856500138,None,0.7390145610006584,1.3783365130002494,,,,,,,,,,,,,,,,,,,,,,,,,,,,,,,,,,,,,,,,,,,,,,,,,,,,,,,,,,,456456,001,2020_ápr_28_1454,trk-encoding,2020.1.0,1003.7499091814495,
EncodingPractice,LOC,TARGET,1,stimuli/fractals/166a.jpg,-300.0,0.0,1500,Encoding,,,,,,,,,,,,,,,,,,,,0,3,3,0,,,,,,,,,,,,,,,,,,,,,,,,,,,,,,,,,,,,,,,,,,,,,63.29418359600095,None,63.29418359600095,None,None,63.29418359600095,None,64.86829037999996,None,64.86829037999996,None,None,64.86829037999996,None,67.87511575100143,None,67.87511575100143,None,67.87511575100143,None,,,,,,,,,,,,,,,,,,,,,,,,,,,,,,,,,,,,,,,,,,,,,,,,,,,,,,,,,,,,,456456,001,2020_ápr_28_1454,trk-encoding,2020.1.0,1003.7499091814495,
EncodingPractice,LOC,LURE,1,stimuli/fractals/159a.jpg,0.0,300.0,5000,Encoding,,,,,,,,,,,,,,,,,,,,0,4,4,3,,,,,,,,,,,,,,,,,,,,,,,,,,,,,,,,,,,,,,,,,,,,,68.80592128100034,None,68.80592128100034,None,j,68.80592128100034,None,73.88632915000198,None,73.88632915000198,None,j,73.88632915000198,None,76.89640359199984,None,76.89640359199984,None,76.89640359199984,None,3.5773564369992528,1.0588483720021031,,,,,,,,,,,,,,,,,,,,,,,,,,,,,,,,,,,,,,,,,,,,,,,,,,,,,,,,,,,456456,001,2020_ápr_28_1454,trk-encoding,2020.1.0,1003.7499091814495,
,,,,,,,,,,,,,,,,,,,,,,,,,,,,,,,,,,,,,,,,,,,,,,,,,,,,,,,,,,,,,,,,,,,,,,,,,,,,,,,,,,,,,,,,,,,,,,,,,,77.81611260800128,None,right,4.1936344989990175,77.81611260800128,None,,,,,,,,,,,,,,,,,,,,,,,,,,,,,,,,,,,,,,,,,,,,,,,,,,,,,456456,001,2020_ápr_28_1454,trk-encoding,2020.1.0,1003.7499091814495,
,,OLP,1,stimuli/fractals/101b.jpg,212.1320344,212.1320344,2000,,1,1,3,stimuli/fractals/101b.jpg,stimuli/fractals/101a.jpg,stimuli/fractals/101c.jpg,212.1320344,212.1320344,0.0,300.0,300.0,0.0,-212.1320344,-212.1320344,,,,,,,,,,0,0,0,0,0,0,0,0,,,,,,,,,,,,,,,,,,,,,,,,,,,,,,,,,,,,,84.0877614609999,None,84.0877614609999,None,None,84.0877614609999,None,86.16222525400008,None,86.16222525400008,None,None,86.16222525400008,None,,,,,,,,,,,,,,,82.01267134299997,None,,,,,,,,,,,,,,,,,,,,,,,,,,,,,,,,,,,,,,,,,,,,,,,,,,,456456,001,2020_ápr_28_1454,trk-encoding,2020.1.0,1003.7499091814495,
,,OLP,1,stimuli/fractals/97b.jpg,212.1320344,-212.1320344,6000,,2,1,3,stimuli/fractals/97b.jpg,stimuli/fractals/97c.jpg,stimuli/fractals/97a.jpg,212.1320344,-212.1320344,0.0,-300.0,300.0,0.0,-212.1320344,212.1320344,,,,,,,,,,0,0,0,0,0,1,1,1,,,,,,,,,,,,,,,,,,,,,,,,,,,,,,,,,,,,,89.09719199000028,None,89.09719199000028,None,None,89.09719199000028,None,95.16887325300195,None,95.16887325300195,None,None,95.16887325300195,None,,,,,,,,,,,,,,,,,,,,,,,,,,,,,,,,,,,,,,,,,,,,,,,,,,,,,,,,,,,,,,,,,,,456456,001,2020_ápr_28_1454,trk-encoding,2020.1.0,1003.7499091814495,
,,LLP,1,stimuli/fractals/76b.jpg,212.1320344,212.1320344,2000,,3,1,5,stimuli/fractals/76b.jpg,stimuli/fractals/76c.jpg,stimuli/fractals/76a.jpg,212.1320344,212.1320344,300.0,0.0,0.0,300.0,-212.1320344,-212.1320344,,,,,,,,,,1,0,1,0,0,0,0,0,,,,,,,,,,,,,,,,,,,,,,,,,,,,,,,,,,,,,101.81665095300195,None,101.81665095300195,None,None,101.81665095300195,None,103.89016510700094,None,103.89016510700094,None,None,103.89016510700094,None,,,,,,,,,,,,,,,99.74381010399884,None,98.1154560310024,None,right,1.6249223300001177,98.1154560310024,None,,,,,,,,,,,,,,,,,,,,,,,,,,,,,,,,,,,,,,,,,,,,,456456,001,2020_ápr_28_1454,trk-encoding,2020.1.0,1003.7499091814495,
,,ERP,1,stimuli/fractals/19a.jpg,212.1320344,-212.1320344,1000,,4,1,2,stimuli/fractals/19a.jpg,stimuli/fractals/19c.jpg,stimuli/fractals/19b.jpg,212.1320344,-212.1320344,300.0,0.0,0.0,-300.0,-300.0,0.0,,,,,,,,,,1,0,1,0,0,1,1,1,,,,,,,,,,,,,,,,,,,,,,,,,,,,,,,,,,,,,106.82658748299946,None,106.82658748299946,None,None,106.82658748299946,None,107.89792380600193,None,107.89792380600193,None,None,107.89792380600193,None,,,,,,,,,,,,,,,,,,,,,,,,,,,,,,,,,,,,,,,,,,,,,,,,,,,,,,,,,,,,,,,,,,,456456,001,2020_ápr_28_1454,trk-encoding,2020.1.0,1003.7499091814495,
,,OLP,2,stimuli/fractals/101a.jpg,212.1320344,212.1320344,5000,,5,1,0,stimuli/fractals/101b.jpg,stimuli/fractals/101a.jpg,stimuli/fractals/101c.jpg,212.1320344,212.1320344,0.0,300.0,300.0,0.0,-212.1320344,-212.1320344,,,,,,,,,,2,0,2,0,0,0,0,0,,,,,,,,,,,,,,,,,,,,,,,,,,,,,,,,,,,,,117.75975778499924,None,117.75975778499924,None,None,117.75975778499924,None,122.83236144300099,None,122.83236144300099,None,None,122.83236144300099,None,,,,,,,,,,,,,,,115.68604681000215,None,110.83010561700212,None,right,4.8528519150022476,110.83010561700212,None,,,,,,,,,,,,,,,,,,,,,,,,,,,,,,,,,,,,,,,,,,,,,456456,001,2020_ápr_28_1454,trk-encoding,2020.1.0,1003.7499091814495,
,,OLP,2,stimuli/fractals/97c.jpg,212.1320344,-212.1320344,3000,,6,1,0,stimuli/fractals/97b.jpg,stimuli/fractals/97c.jpg,stimuli/fractals/97a.jpg,212.1320344,-212.1320344,0.0,-300.0,300.0,0.0,-212.1320344,212.1320344,,,,,,,,,,2,0,2,0,0,1,1,1,,,,,,,,,,,,,,,,,,,,,,,,,,,,,,,,,,,,,125.77199138500146,None,125.77199138500146,None,None,125.77199138500146,None,128.8468200160023,None,128.8468200160023,None,None,128.8468200160023,None,,,,,,,,,,,,,,,,,,,,,,,,,,,,,,,,,,,,,,,,,,,,,,,,,,,,,,,,,,,,,,,,,,,456456,001,2020_ápr_28_1454,trk-encoding,2020.1.0,1003.7499091814495,
,,,,,,,,,,,,,,,,,,,,,,,,,,,,,,,,,,,,,,,,,,,,,,,,,,,,,,,,,,,,,,,,,,,,,,,,,,,,,,,,,,,,,,,,,,,,,,,,,,,,,,,,,,131.79002534900064,None,right,2.5880460199987283,131.79002534900064,None,134.38151949199892,None,136.38169274699976,None,right,1.6081908880005358,136.38169274699976,None,,,,,,,,,,,,,,,,,,,,,,,,,,,,,,,,,,,,,456456,001,2020_ápr_28_1454,trk-encoding,2020.1.0,1003.7499091814495,
,,,,,,,,,,,,,,,,,,,,,,,,,,,,,,,,,,,,,,,,,,,,,,,,,,,,,,,,,,,,,,,,,,,,,,,,,,,,,,,,,,,,,,,,,,,,,,,,,,,,,,,,,,,,,,,,,,,,,,,,137.9921973269993,None,right,0.6527917060011532,137.9921973269993,None,,,,,,,,,,,,,,,,,,,,,,,,,,,,,,,456456,001,2020_ápr_28_1454,trk-encoding,2020.1.0,1003.7499091814495,
,,,,,,,,,,,,,,,,,,,,,,,,,,,,,,,,,,,,,,,,,,,,,,,,,,,,,,,,,,,,,,,,,,,,,,,,,,,,,,,,,,,,,,,,,,,,,,,,,,,,,,,,,,,,,,,,,,,,,,,,,,,,,,138.64722426799926,None,right,0.4576363329979358,138.64722426799926,None,,,,,,,,,,,,,,,,,,,,,,,,,456456,001,2020_ápr_28_1454,trk-encoding,2020.1.0,1003.7499091814495,
,,,,,,,,,,,,,,,,,,,,,,,,,,,,,,,,,,,,,,,,,,,,,,,,,,,,,,,,,,,,,,,,,,,,,,,,,,,,,,,,,,,,,,,,,,,,,,,,,,,,,,,,,,,,,,,,,,,,,,,,,,,,,,,,,,,,139.1068294220022,None,right,0.7505174899997655,139.1068294220022,None,,,,,,,,,,,,,,,,,,,456456,001,2020_ápr_28_1454,trk-encoding,2020.1.0,1003.7499091814495,
Demo,OBJ,LURE,,stimuli/fractals//181b.jpg,300.0,0.0,2300,,,,,,,,,,,,,,,,stimuli/fractals//181c.jpg,-300.0,0.0,-,Hasonló Képek,,,,,,,,,,,,,0,0,0,0,,,,,,,,,,,,,,,,,,,,,,,,,,,,,,,,,,,,,,,,,,,,,,,,,,,,,,,,,,,,,,,,,,,,,,,,,,,,,,,,,,,,,,,,,,,,,,,140.0182261459995,None,140.0182261459995,None,140.0182261459995,None,140.0182261459995,None,right,1.097380281000369,142.01496124999903,None,,,,,,,456456,001,2020_ápr_28_1454,trk-encoding,2020.1.0,1003.7499091814495,
Demo,OBJ,LURE,,stimuli/fractals//149a.jpg,300.0,0.0,1000,,,,,,,,,,,,,,,,stimuli/fractals//149b.jpg,-300.0,0.0,-,Hasonló Képek,,,,,,,,,,,,,0,1,1,1,,,,,,,,,,,,,,,,,,,,,,,,,,,,,,,,,,,,,,,,,,,,,,,,,,,,,,,,,,,,,,,,,,,,,,,,,,,,,,,,,,,,,,,,,,,,,,,143.25674762199924,None,143.25674762199924,None,143.25674762199924,None,143.25674762199924,None,right,1.8181746390000626,145.2508159780009,None,,,,,,,456456,001,2020_ápr_28_1454,trk-encoding,2020.1.0,1003.7499091814495,
Demo,OBJ,LURE,,stimuli/fractals//177b.jpg,300.0,0.0,800,,,,,,,,,,,,,,,,stimuli/fractals//177c.jpg,-300.0,0.0,-,Hasonló Képek,,,,,,,,,,,,,0,2,2,2,,,,,,,,,,,,,,,,,,,,,,,,,,,,,,,,,,,,,,,,,,,,,,,,,,,,,,,,,,,,,,,,,,,,,,,,,,,,,,,,,,,,,,,,,,,,,,,147.21736832100214,None,147.21736832100214,None,147.21736832100214,None,147.21736832100214,None,right,0.1579294379989733,149.21375544900002,None,,,,,,,456456,001,2020_ápr_28_1454,trk-encoding,2020.1.0,1003.7499091814495,
Demo,OBJ,LURE,,stimuli/fractals//167a.jpg,300.0,0.0,1500,,,,,,,,,,,,,,,,stimuli/fractals//167b.jpg,-300.0,0.0,OBJ-TARGET,Hasonló Képek,,,,,,,,,,,,,0,3,3,3,,,,,,,,,,,,,,,,,,,,,,,,,,,,,,,,,,,,,,,,,,,,,,,,,,,,,,,,,,,,,,,,,,,,,,,,,,,,,,,,,,,,,,,,,,,,,,,149.51891376799904,None,149.51891376799904,None,149.51891376799904,None,149.51891376799904,None,right,1.8751237810029124,151.51466758199967,None,,,,,,,456456,001,2020_ápr_28_1454,trk-encoding,2020.1.0,1003.7499091814495,
Demo,OBJ,FOIL,,stimuli/fractals//163a.jpg,300.0,0.0,600,,,,,,,,,,,,,,,,stimuli/fractals//173c.jpg,-300.0,0.0,-,Új Képek,,,,,,,,,,,,,0,4,4,4,,,,,,,,,,,,,,,,,,,,,,,,,,,,,,,,,,,,,,,,,,,,,,,,,,,,,,,,,,,,,,,,,,,,,,,,,,,,,,,,,,,,,,,,,,,,,,,153.52880785700108,None,153.52880785700108,None,153.52880785700108,None,153.52880785700108,None,right,1.9367724889998499,155.52853802499885,None,,,,,,,456456,001,2020_ápr_28_1454,trk-encoding,2020.1.0,1003.7499091814495,
Demo,LOC,LURE,,stimuli/fractals//166a.jpg,-300.0,0.0,800,,,,,,,,,,,,,,,,stimuli/fractals//166a.jpg,-212.1320344,-212.1320344,"LOC-TARGET, OBJ-LURE",Hasonló Helyek,,,,,,,,,,,,,0,5,5,5,,,,,,,,,,,,,,,,,,,,,,,,,,,,,,,,,,,,,,,,,,,,,,,,,,,,,,,,,,,,,,,,,,,,,,,,,,,,,,,,,,,,,,,,,,,,,,,157.61071401200024,None,157.61071401200024,None,157.61071401200024,None,157.61071401200024,None,right,0.674363087000529,159.61154367900235,None,,,,,,,456456,001,2020_ápr_28_1454,trk-encoding,2020.1.0,1003.7499091814495,
Demo,LOC,LURE,,stimuli/fractals//159a.jpg,0.0,300.0,1500,,,,,,,,,,,,,,,,stimuli/fractals//159a.jpg,-212.1320344,212.1320344,LOC-LURE,Hasonló Helyek,,,,,,,,,,,,,0,6,6,6,,,,,,,,,,,,,,,,,,,,,,,,,,,,,,,,,,,,,,,,,,,,,,,,,,,,,,,,,,,,,,,,,,,,,,,,,,,,,,,,,,,,,,,,,,,,,,,160.44119385900194,None,160.44119385900194,None,160.44119385900194,None,160.44119385900194,None,right,0.7379142650024733,162.4391084759991,None,,,,,,,456456,001,2020_ápr_28_1454,trk-encoding,2020.1.0,1003.7499091814495,
Demo,LOC,LURE,,stimuli/fractals//148b.jpg,212.1320344,212.1320344,800,,,,,,,,,,,,,,,,stimuli/fractals//148b.jpg,0.0,300.0,LOC-FOIL,Hasonló Helyek,,,,,,,,,,,,,0,7,7,7,,,,,,,,,,,,,,,,,,,,,,,,,,,,,,,,,,,,,,,,,,,,,,,,,,,,,,,,,,,,,,,,,,,,,,,,,,,,,,,,,,,,,,,,,,,,,,,163.31991325499985,None,163.31991325499985,None,163.31991325499985,None,163.31991325499985,None,right,1.0089922150000348,165.31798044199968,None,,,,,,,456456,001,2020_ápr_28_1454,trk-encoding,2020.1.0,1003.7499091814495,
Demo,LOC,FOIL,,stimuli/fractals//177b.jpg,300.0,0.0,800,,,,,,,,,,,,,,,,stimuli/fractals//177b.jpg,-212.1320344,212.1320344,OBJ-LURE,Új Helyek,,,,,,,,,,,,,0,8,8,8,,,,,,,,,,,,,,,,,,,,,,,,,,,,,,,,,,,,,,,,,,,,,,,,,,,,,,,,,,,,,,,,,,,,,,,,,,,,,,,,,,,,,,,,,,,,,,,166.4783340130016,None,166.4783340130016,None,166.4783340130016,None,166.4783340130016,None,right,0.6297873519979476,168.47721127300247,None,,,,,,,456456,001,2020_ápr_28_1454,trk-encoding,2020.1.0,1003.7499091814495,
Demo,LOC,FOIL,,stimuli/fractals//177b.jpg,300.0,0.0,1200,,,,,,,,,,,,,,,,stimuli/fractals//177b.jpg,-300.0,0.0,OBJ-LURE,Új Helyek,,,,,,,,,,,,,0,9,9,9,,,,,,,,,,,,,,,,,,,,,,,,,,,,,,,,,,,,,,,,,,,,,,,,,,,,,,,,,,,,,,,,,,,,,,,,,,,,,,,,,,,,,,,,,,,,,,,169.26091939899925,None,169.26091939899925,None,169.26091939899925,None,169.26091939899925,None,right,0.6635341910005081,171.2532641809994,None,,,,,,,456456,001,2020_ápr_28_1454,trk-encoding,2020.1.0,1003.7499091814495,
,,,,,,,,,,,,,,,,,,,,,,,,,,,,,,,,,,,,,,,,,,,,,,,,,,,,,,,,,,,,,,,,,,,,,,,,,,,,,,,,,,,,,,,,,,,,,,,,,,,,,,,,,,,,,,,,,,,,,,,,,,,,,,,,,,,,,,,,,,,,,,,,,,,,,,171.92184416800228,None,right,4.693209511999157,176.91858800599948,None,456456,001,2020_ápr_28_1454,trk-encoding,2020.1.0,1003.7499091814495,
,,,,,,,,,,,,,,,,,,,,,,,,,,,,,,,,,,,,,,,,,,,,,,,,,,,,,,,,,,,,,,,,,,,,,,,,,,181.61354560700056,None,,,,,,,,,,,,,,,,,,,,,,,,,,,,,,,,,,,,,,,,,,,,,,,,,,,,,,,,,,,,,,,,,,,,,,,,,,,,,,,,,,,,,,,
