﻿Task,TrialType,StimType,Order,CurrentImage,CurrentX,CurrentY,Jitter,Section,TrialIndex,ScannerRun,Delay,TripletMemberA,TripletMemberB,TripletMemberC,Xcoordinate,Ycoordinate,Xcoordinate_lure1,Ycoordinate_lure1,Xcoordinate_lure2,Ycoordinate_lure2,Xcoordinate_foil,Ycoordinate_foil,DemoImage,DemoX,DemoY,InPractice,DemoText,enc_practice_trials.thisRepN,enc_practice_trials.thisTrialN,enc_practice_trials.thisN,enc_practice_trials.thisIndex,enc_runs.thisRepN,enc_runs.thisTrialN,enc_runs.thisN,enc_runs.thisIndex,enc_trials.thisRepN,enc_trials.thisTrialN,enc_trials.thisN,enc_trials.thisIndex,demo_trials.thisRepN,demo_trials.thisTrialN,demo_trials.thisN,demo_trials.thisIndex,rec_practice_blocks.thisRepN,rec_practice_blocks.thisTrialN,rec_practice_blocks.thisN,rec_practice_blocks.thisIndex,rec_practice_trials.thisRepN,rec_practice_trials.thisTrialN,rec_practice_trials.thisN,rec_practice_trials.thisIndex,BlockNr,Filler,lab_thanks.started,lab_thanks.stopped,lab_key.keys,lab_key.rt,lab_key.started,lab_key.stopped,start_encoding_text.started,start_encoding_text.stopped,enc_instructions_1_text.started,enc_instructions_1_text.stopped,enc_instructions_1_image.started,enc_instructions_1_image.stopped,enc_instructions_1_key.keys,enc_instructions_1_key.rt,enc_instructions_1_key.started,enc_instructions_1_key.stopped,enc_instructions_2_text.started,enc_instructions_2_text.stopped,enc_instructions_2_image.started,enc_instructions_2_image.stopped,enc_instructions_2_key.keys,enc_instructions_2_key.rt,enc_instructions_2_key.started,enc_instructions_2_key.stopped,enc_instructions_3_text.started,enc_instructions_3_text.stopped,enc_instructions_3_key.keys,enc_instructions_3_key.rt,enc_instructions_3_key.started,enc_instructions_3_key.stopped,start_practice_text.started,start_practice_text.stopped,enc_fx_map.started,enc_fx_map.stopped,enc_fx_cross.started,enc_fx_cross.stopped,enc_fx_key.keys,enc_fx_key.started,enc_fx_key.stopped,enc_trial_map.started,enc_trial_map.stopped,enc_trial_main_image.started,enc_trial_main_image.stopped,enc_trial_key.keys,enc_trial_key.started,enc_trial_key.stopped,enc_practice_feedback_map.started,enc_practice_feedback_map.stopped,enc_practice_feedback_image.started,enc_practice_feedback_image.stopped,enc_practice_feedback_text.started,enc_practice_feedback_text.stopped,end_practice_text.started,end_practice_text.stopped,end_practice_key.keys,end_practice_key.rt,end_practice_key.started,end_practice_key.stopped,start_enc_run_text.started,start_enc_run_text.stopped,end_enc_run_text.started,end_enc_run_text.stopped,enc_run_end_key.keys,enc_run_end_key.rt,enc_run_end_key.started,enc_run_end_key.stopped,start_recognition_text.started,start_recognition_text.stopped,rec_instructions_1_text.started,rec_instructions_1_text.stopped,rec_instructions_1_key.keys,rec_instructions_1_key.rt,rec_instructions_1_key.started,rec_instructions_1_key.stopped,rec_instructions2_text.started,rec_instructions2_text.stopped,rec_instructions_2_key.keys,rec_instructions_2_key.rt,rec_instructions_2_key.started,rec_instructions_2_key.stopped,rec_instrauction_3_text.started,rec_instrauction_3_text.stopped,rec_instructions_3_key.keys,rec_instructions_3_key.rt,rec_instructions_3_key.started,rec_instructions_3_key.stopped,rec_instructions_4_text.started,rec_instructions_4_text.stopped,rec_instructions_4_key.keys,rec_instructions_4_key.rt,rec_instructions_4_key.started,rec_instructions_4_key.stopped,demo_map.started,demo_map.stopped,demo_main_image.started,demo_main_image.stopped,demo_image.started,demo_image.stopped,demo_text.started,demo_text.stopped,demo_key.keys,demo_key.rt,demo_key.started,demo_key.stopped,demo_end_text.started,demo_end_text.stopped,demo_end_key.keys,demo_end_key.rt,demo_end_key.started,demo_end_key.stopped,rec_practice_block_text.started,rec_practice_block_text.stopped,participant,session,date,expName,psychopyVersion,frameRate,
,,,,,,,,,,,,,,,,,,,,,,,,,,,,,,,,,,,,,,,,,,,,,,,,,,,,,,9.293596340998192,None,right,1.34343899599844,9.293596340998192,None,,,,,,,,,,,,,,,,,,,,,,,,,,,,,,,,,,,,,,,,,,,,,,,,,,,,,,,,,,,,,,,,,,,,,,,,,,,,,,,,,,,,,,,,,,,,,,,,,,,,,,,,,,,456456,001,2020_ápr_28_1532,trk-encoding,2020.1.0,941.4730456497393,
,,,,,,,,,,,,,,,,,,,,,,,,,,,,,,,,,,,,,,,,,,,,,,,,,,,,,,,,,,,,10.643455733999872,None,12.144508899997163,None,12.144508899997163,None,right,2.3097893159974774,12.144508899997163,None,,,,,,,,,,,,,,,,,,,,,,,,,,,,,,,,,,,,,,,,,,,,,,,,,,,,,,,,,,,,,,,,,,,,,,,,,,,,,,,,,,,,,,,,,,,,,,,,,456456,001,2020_ápr_28_1532,trk-encoding,2020.1.0,941.4730456497393,
,,,,,,,,,,,,,,,,,,,,,,,,,,,,,,,,,,,,,,,,,,,,,,,,,,,,,,,,,,,,,,,,,,,,,,14.457644345999142,None,14.457644345999142,None,right,0.5590238850018068,14.457644345999142,None,,,,,,,,,,,,,,,,,,,,,,,,,,,,,,,,,,,,,,,,,,,,,,,,,,,,,,,,,,,,,,,,,,,,,,,,,,,,,,,,,,,,,,,,,456456,001,2020_ápr_28_1532,trk-encoding,2020.1.0,941.4730456497393,
,,,,,,,,,,,,,,,,,,,,,,,,,,,,,,,,,,,,,,,,,,,,,,,,,,,,,,,,,,,,,,,,,,,,,,,,,,,,,,15.018440828000166,None,right,0.46656029999940074,15.018440828000166,None,,,,,,,,,,,,,,,,,,,,,,,,,,,,,,,,,,,,,,,,,,,,,,,,,,,,,,,,,,,,,,,,,,,,,,,,,,,,,,,,,,,456456,001,2020_ápr_28_1532,trk-encoding,2020.1.0,941.4730456497393,
EncodingPractice,LOC,TARGET,1,stimuli/fractals/166a.jpg,-300.0,0.0,1500,Encoding,,,,,,,,,,,,,,,,,,,,0,0,0,0,,,,,,,,,,,,,,,,,,,,,,,,,,,,,,,,,,,,,,,,,,,,,,,,,,,,,15.486397527998633,None,16.49823751799704,None,16.49823751799704,None,None,16.49823751799704,None,18.03635647400006,None,18.03635647400006,None,None,18.03635647400006,None,21.038365393997083,None,21.038365393997083,None,21.038365393997083,None,,,,,,,,,,,,,,,,,,,,,,,,,,,,,,,,,,,,,,,,,,,,,,,,,,,,,,,,,,,,,456456,001,2020_ápr_28_1532,trk-encoding,2020.1.0,941.4730456497393,
EncodingPractice,LOC,LURE,1,stimuli/fractals/159a.jpg,0.0,300.0,5000,Encoding,,,,,,,,,,,,,,,,,,,,0,1,1,3,,,,,,,,,,,,,,,,,,,,,,,,,,,,,,,,,,,,,,,,,,,,,,,,,,,,,,,22.007111994000297,None,22.007111994000297,None,None,22.007111994000297,None,27.084027896999032,None,27.084027896999032,None,None,27.084027896999032,None,30.088477047000197,None,30.088477047000197,None,30.088477047000197,None,,,,,,,,,,,,,,,,,,,,,,,,,,,,,,,,,,,,,,,,,,,,,,,,,,,,,,,,,,,,,456456,001,2020_ápr_28_1532,trk-encoding,2020.1.0,941.4730456497393,
EncodingPractice,-,-,1,stimuli/fractals/177b.jpg,300.0,0.0,800,Encoding,,,,,,,,,,,,,,,,,,,,0,2,2,4,,,,,,,,,,,,,,,,,,,,,,,,,,,,,,,,,,,,,,,,,,,,,,,,,,,,,,,31.01613050800006,None,31.01613050800006,None,None,31.01613050800006,None,31.892261676999624,None,31.892261676999624,None,None,31.892261676999624,None,34.89571451699885,None,34.89571451699885,None,34.89571451699885,None,,,,,,,,,,,,,,,,,,,,,,,,,,,,,,,,,,,,,,,,,,,,,,,,,,,,,,,,,,,,,456456,001,2020_ápr_28_1532,trk-encoding,2020.1.0,941.4730456497393,
EncodingPractice,LOC,FOIL,1,stimuli/fractals/148b.jpg,212.1320344,212.1320344,1000,Encoding,,,,,,,,,,,,,,,,,,,,0,3,3,2,,,,,,,,,,,,,,,,,,,,,,,,,,,,,,,,,,,,,,,,,,,,,,,,,,,,,,,35.825744185000076,None,35.825744185000076,None,None,35.825744185000076,None,36.89622541800054,None,36.89622541800054,None,None,36.89622541800054,None,39.9007850779999,None,39.9007850779999,None,39.9007850779999,None,,,,,,,,,,,,,,,,,,,,,,,,,,,,,,,,,,,,,,,,,,,,,,,,,,,,,,,,,,,,,456456,001,2020_ápr_28_1532,trk-encoding,2020.1.0,941.4730456497393,
EncodingPractice,OBJ,TARGET,1,stimuli/fractals/167a.jpg,300.0,0.0,500,Encoding,,,,,,,,,,,,,,,,,,,,0,4,4,1,,,,,,,,,,,,,,,,,,,,,,,,,,,,,,,,,,,,,,,,,,,,,,,,,,,,,,,40.83502034599951,None,40.83502034599951,None,None,40.83502034599951,None,41.40856756499852,None,41.40856756499852,None,None,41.40856756499852,None,44.41296385699752,None,44.41296385699752,None,44.41296385699752,None,,,,,,,,,,,,,,,,,,,,,,,,,,,,,,,,,,,,,,,,,,,,,,,,,,,,,,,,,,,,,456456,001,2020_ápr_28_1532,trk-encoding,2020.1.0,941.4730456497393,
,,,,,,,,,,,,,,,,,,,,,,,,,,,,,,,,,,,,,,,,,,,,,,,,,,,,,,,,,,,,,,,,,,,,,,,,,,,,,,,,,,,,,,,,,,,,,,,,,,,,,,,,,,45.34188554499997,None,right,11.065843237996887,45.34188554499997,None,,,,,,,,,,,,,,,,,,,,,,,,,,,,,,,,,,,,,,,,,,,,,,,,,,,,,,,456456,001,2020_ápr_28_1532,trk-encoding,2020.1.0,941.4730456497393,
,,OLP,1,stimuli/fractals/101b.jpg,212.1320344,212.1320344,2000,,1,1,3,stimuli/fractals/101b.jpg,stimuli/fractals/101a.jpg,stimuli/fractals/101c.jpg,212.1320344,212.1320344,0.0,300.0,300.0,0.0,-212.1320344,-212.1320344,,,,,,,,,,0,0,0,0,0,0,0,0,,,,,,,,,,,,,,,,,,,,,,,,,,,,,,,,,,,,,,,,,,,,,,,58.48482545399747,None,58.48482545399747,None,None,58.48482545399747,None,60.55829334699956,None,60.55829334699956,None,None,60.55829334699956,None,,,,,,,,,,,,,56.41040211699874,None,,,,,,,,,,,,,,,,,,,,,,,,,,,,,,,,,,,,,,,,,,,,,,,,,,,,,456456,001,2020_ápr_28_1532,trk-encoding,2020.1.0,941.4730456497393,
,,OLP,1,stimuli/fractals/97b.jpg,212.1320344,-212.1320344,6000,,2,1,3,stimuli/fractals/97b.jpg,stimuli/fractals/97c.jpg,stimuli/fractals/97a.jpg,212.1320344,-212.1320344,0.0,-300.0,300.0,0.0,-212.1320344,212.1320344,,,,,,,,,,0,0,0,0,0,1,1,1,,,,,,,,,,,,,,,,,,,,,,,,,,,,,,,,,,,,,,,,,,,,,,,63.49697617199854,None,63.49697617199854,None,None,63.49697617199854,None,69.56833286899928,None,69.56833286899928,None,None,69.56833286899928,None,,,,,,,,,,,,,,,,,,,,,,,,,,,,,,,,,,,,,,,,,,,,,,,,,,,,,,,,,,,,,,,,,,,456456,001,2020_ápr_28_1532,trk-encoding,2020.1.0,941.4730456497393,
,,LLP,1,stimuli/fractals/76b.jpg,212.1320344,212.1320344,2000,,3,1,5,stimuli/fractals/76b.jpg,stimuli/fractals/76c.jpg,stimuli/fractals/76a.jpg,212.1320344,212.1320344,300.0,0.0,0.0,300.0,-212.1320344,-212.1320344,,,,,,,,,,1,0,1,0,0,0,0,0,,,,,,,,,,,,,,,,,,,,,,,,,,,,,,,,,,,,,,,,,,,,,,,77.83701835399916,None,77.83701835399916,None,None,77.83701835399916,None,79.90963390199977,None,79.90963390199977,None,None,79.90963390199977,None,,,,,,,,,,,,,75.76433072799773,None,72.51303108999855,None,right,3.2476680420004413,72.51303108999855,None,,,,,,,,,,,,,,,,,,,,,,,,,,,,,,,,,,,,,,,,,,,,,,,456456,001,2020_ápr_28_1532,trk-encoding,2020.1.0,941.4730456497393,
,,ERP,1,stimuli/fractals/19a.jpg,212.1320344,-212.1320344,1000,,4,1,2,stimuli/fractals/19a.jpg,stimuli/fractals/19c.jpg,stimuli/fractals/19b.jpg,212.1320344,-212.1320344,300.0,0.0,0.0,-300.0,-300.0,0.0,,,,,,,,,,1,0,1,0,0,1,1,1,,,,,,,,,,,,,,,,,,,,,,,,,,,,,,,,,,,,,,,,,,,,,,,82.84657572300057,None,82.84657572300057,None,None,82.84657572300057,None,83.9187611540001,None,83.9187611540001,None,None,83.9187611540001,None,,,,,,,,,,,,,,,,,,,,,,,,,,,,,,,,,,,,,,,,,,,,,,,,,,,,,,,,,,,,,,,,,,,456456,001,2020_ápr_28_1532,trk-encoding,2020.1.0,941.4730456497393,
,,OLP,2,stimuli/fractals/101a.jpg,212.1320344,212.1320344,5000,,5,1,0,stimuli/fractals/101b.jpg,stimuli/fractals/101a.jpg,stimuli/fractals/101c.jpg,212.1320344,212.1320344,0.0,300.0,300.0,0.0,-212.1320344,-212.1320344,,,,,,,,,,2,0,2,0,0,0,0,0,,,,,,,,,,,,,,,,,,,,,,,,,,,,,,,,,,,,,,,,,,,,,,,90.38515520099827,None,90.38515520099827,None,None,90.38515520099827,None,95.45654969099996,None,95.45654969099996,None,None,95.45654969099996,None,,,,,,,,,,,,,88.31168526599868,None,86.853183575,None,right,1.4557097810029518,86.853183575,None,,,,,,,,,,,,,,,,,,,,,,,,,,,,,,,,,,,,,,,,,,,,,,,456456,001,2020_ápr_28_1532,trk-encoding,2020.1.0,941.4730456497393,
,,OLP,2,stimuli/fractals/97c.jpg,212.1320344,-212.1320344,3000,,6,1,0,stimuli/fractals/97b.jpg,stimuli/fractals/97c.jpg,stimuli/fractals/97a.jpg,212.1320344,-212.1320344,0.0,-300.0,300.0,0.0,-212.1320344,212.1320344,,,,,,,,,,2,0,2,0,0,1,1,1,,,,,,,,,,,,,,,,,,,,,,,,,,,,,,,,,,,,,,,,,,,,,,,98.39475708799728,None,98.39475708799728,None,None,98.39475708799728,None,101.46878810699855,None,101.46878810699855,None,None,101.46878810699855,None,,,,,,,,,,,,,,,,,,,,,,,,,,,,,,,,,,,,,,,,,,,,,,,,,,,,,,,,,,,,,,,,,,,456456,001,2020_ápr_28_1532,trk-encoding,2020.1.0,941.4730456497393,
,,,,,,,,,,,,,,,,,,,,,,,,,,,,,,,,,,,,,,,,,,,,,,,,,,,,,,,,,,,,,,,,,,,,,,,,,,,,,,,,,,,,,,,,,,,,,,,,,,,,,,,,,,,,,,,,,,104.40634097299699,None,right,3.4670988399993803,104.40634097299699,None,107.87628322299861,None,109.87777454899697,None,right,16.156677827999374,109.87777454899697,None,,,,,,,,,,,,,,,,,,,,,,,,,,,,,,,,,,,,,,,456456,001,2020_ápr_28_1532,trk-encoding,2020.1.0,941.4730456497393,
,,,,,,,,,,,,,,,,,,,,,,,,,,,,,,,,,,,,,,,,,,,,,,,,,,,,,,,,,,,,,,,,,,,,,,,,,,,,,,,,,,,,,,,,,,,,,,,,,,,,,,,,,,,,,,,,,,,,,,,,,,,,,,,,126.03672448499856,None,right,21.67103238299751,126.03672448499856,None,,,,,,,,,,,,,,,,,,,,,,,,,,,,,,,,,456456,001,2020_ápr_28_1532,trk-encoding,2020.1.0,941.4730456497393,
,,,,,,,,,,,,,,,,,,,,,,,,,,,,,,,,,,,,,,,,,,,,,,,,,,,,,,,,,,,,,,,,,,,,,,,,,,,,,,,,,,,,,,,,,,,,,,,,,,,,,,,,,,,,,,,,,,,,,,,,,,,,,,,,,,,,,,147.70992383299745,None,right,28.2272280899997,147.70992383299745,None,,,,,,,,,,,,,,,,,,,,,,,,,,,456456,001,2020_ápr_28_1532,trk-encoding,2020.1.0,941.4730456497393,
,,,,,,,,,,,,,,,,,,,,,,,,,,,,,,,,,,,,,,,,,,,,,,,,,,,,,,,,,,,,,,,,,,,,,,,,,,,,,,,,,,,,,,,,,,,,,,,,,,,,,,,,,,,,,,,,,,,,,,,,,,,,,,,,,,,,,,,,,,,,175.93931879599768,None,right,4.295179282002209,175.93931879599768,None,,,,,,,,,,,,,,,,,,,,,456456,001,2020_ápr_28_1532,trk-encoding,2020.1.0,941.4730456497393,
Demo,OBJ,LURE,,stimuli/fractals//181b.jpg,300.0,0.0,2300,,,,,,,,,,,,,,,,stimuli/fractals//181c.jpg,-300.0,0.0,-,Hasonló Képek,,,,,,,,,,,,,0,0,0,0,,,,,,,,,,,,,,,,,,,,,,,,,,,,,,,,,,,,,,,,,,,,,,,,,,,,,,,,,,,,,,,,,,,,,,,,,,,,,,,,,,,,,,,,,,,,,,,,,,,,,,,180.39713986800052,None,180.39713986800052,None,180.39713986800052,None,180.39713986800052,None,right,0.6526943360004225,182.39419071799784,None,,,,,,,,,456456,001,2020_ápr_28_1532,trk-encoding,2020.1.0,941.4730456497393,
Demo,OBJ,LURE,,stimuli/fractals//149a.jpg,300.0,0.0,1000,,,,,,,,,,,,,,,,stimuli/fractals//149b.jpg,-300.0,0.0,-,Hasonló Képek,,,,,,,,,,,,,0,1,1,1,,,,,,,,,,,,,,,,,,,,,,,,,,,,,,,,,,,,,,,,,,,,,,,,,,,,,,,,,,,,,,,,,,,,,,,,,,,,,,,,,,,,,,,,,,,,,,,,,,,,,,,183.19170931799817,None,183.19170931799817,None,183.19170931799817,None,183.19170931799817,None,right,1.857456016998185,185.1837111629975,None,,,,,,,,,456456,001,2020_ápr_28_1532,trk-encoding,2020.1.0,941.4730456497393,
Demo,OBJ,LURE,,stimuli/fractals//177b.jpg,300.0,0.0,800,,,,,,,,,,,,,,,,stimuli/fractals//177c.jpg,-300.0,0.0,-,Hasonló Képek,,,,,,,,,,,,,0,2,2,2,,,,,,,,,,,,,,,,,,,,,,,,,,,,,,,,,,,,,,,,,,,,,,,,,,,,,,,,,,,,,,,,,,,,,,,,,,,,,,,,,,,,,,,,,,,,,,,,,,,,,,,187.19523369599847,None,187.19523369599847,None,187.19523369599847,None,187.19523369599847,None,right,1.6099765630024194,189.19289697599743,None,,,,,,,,,456456,001,2020_ápr_28_1532,trk-encoding,2020.1.0,941.4730456497393,
Demo,OBJ,LURE,,stimuli/fractals//167a.jpg,300.0,0.0,1500,,,,,,,,,,,,,,,,stimuli/fractals//167b.jpg,-300.0,0.0,OBJ-TARGET,Hasonló Képek,,,,,,,,,,,,,0,3,3,3,,,,,,,,,,,,,,,,,,,,,,,,,,,,,,,,,,,,,,,,,,,,,,,,,,,,,,,,,,,,,,,,,,,,,,,,,,,,,,,,,,,,,,,,,,,,,,,,,,,,,,,190.9393642089999,None,190.9393642089999,None,190.9393642089999,None,190.9393642089999,None,right,0.12960220000240952,192.9391194239979,None,,,,,,,,,456456,001,2020_ápr_28_1532,trk-encoding,2020.1.0,941.4730456497393,
Demo,OBJ,FOIL,,stimuli/fractals//163a.jpg,300.0,0.0,600,,,,,,,,,,,,,,,,stimuli/fractals//173c.jpg,-300.0,0.0,-,Új Képek,,,,,,,,,,,,,0,4,4,4,,,,,,,,,,,,,,,,,,,,,,,,,,,,,,,,,,,,,,,,,,,,,,,,,,,,,,,,,,,,,,,,,,,,,,,,,,,,,,,,,,,,,,,,,,,,,,,,,,,,,,,193.2132459159984,None,193.2132459159984,None,193.2132459159984,None,193.2132459159984,None,right,0.3922467760021391,195.21049377300005,None,,,,,,,,,456456,001,2020_ápr_28_1532,trk-encoding,2020.1.0,941.4730456497393,
Demo,LOC,LURE,,stimuli/fractals//166a.jpg,-300.0,0.0,800,,,,,,,,,,,,,,,,stimuli/fractals//166a.jpg,-212.1320344,-212.1320344,"LOC-TARGET, OBJ-LURE",Hasonló Helyek,,,,,,,,,,,,,0,5,5,5,,,,,,,,,,,,,,,,,,,,,,,,,,,,,,,,,,,,,,,,,,,,,,,,,,,,,,,,,,,,,,,,,,,,,,,,,,,,,,,,,,,,,,,,,,,,,,,,,,,,,,,195.7443238579981,None,195.7443238579981,None,195.7443238579981,None,195.7443238579981,None,right,0.6189039849996334,197.74490252899705,None,,,,,,,,,456456,001,2020_ápr_28_1532,trk-encoding,2020.1.0,941.4730456497393,
Demo,LOC,LURE,,stimuli/fractals//159a.jpg,0.0,300.0,1500,,,,,,,,,,,,,,,,stimuli/fractals//159a.jpg,-212.1320344,212.1320344,LOC-LURE,Hasonló Helyek,,,,,,,,,,,,,0,6,6,6,,,,,,,,,,,,,,,,,,,,,,,,,,,,,,,,,,,,,,,,,,,,,,,,,,,,,,,,,,,,,,,,,,,,,,,,,,,,,,,,,,,,,,,,,,,,,,,,,,,,,,,198.51226729299742,None,198.51226729299742,None,198.51226729299742,None,198.51226729299742,None,right,1.4049936720002734,200.51034118099778,None,,,,,,,,,456456,001,2020_ápr_28_1532,trk-encoding,2020.1.0,941.4730456497393,
Demo,LOC,LURE,,stimuli/fractals//148b.jpg,212.1320344,212.1320344,800,,,,,,,,,,,,,,,,stimuli/fractals//148b.jpg,0.0,300.0,LOC-FOIL,Hasonló Helyek,,,,,,,,,,,,,0,7,7,7,,,,,,,,,,,,,,,,,,,,,,,,,,,,,,,,,,,,,,,,,,,,,,,,,,,,,,,,,,,,,,,,,,,,,,,,,,,,,,,,,,,,,,,,,,,,,,,,,,,,,,,202.04940285299745,None,202.04940285299745,None,202.04940285299745,None,202.04940285299745,None,right,0.05324806200223975,204.0471171379977,None,,,,,,,,,456456,001,2020_ápr_28_1532,trk-encoding,2020.1.0,941.4730456497393,
Demo,LOC,FOIL,,stimuli/fractals//177b.jpg,300.0,0.0,800,,,,,,,,,,,,,,,,stimuli/fractals//177b.jpg,-212.1320344,212.1320344,OBJ-LURE,Új Helyek,,,,,,,,,,,,,0,8,8,8,,,,,,,,,,,,,,,,,,,,,,,,,,,,,,,,,,,,,,,,,,,,,,,,,,,,,,,,,,,,,,,,,,,,,,,,,,,,,,,,,,,,,,,,,,,,,,,,,,,,,,,204.25325635599802,None,204.25325635599802,None,204.25325635599802,None,204.25325635599802,None,right,0.08518614800050273,206.25445591599782,None,,,,,,,,,456456,001,2020_ápr_28_1532,trk-encoding,2020.1.0,941.4730456497393,
Demo,LOC,FOIL,,stimuli/fractals//177b.jpg,300.0,0.0,1200,,,,,,,,,,,,,,,,stimuli/fractals//177b.jpg,-300.0,0.0,OBJ-LURE,Új Helyek,,,,,,,,,,,,,0,9,9,9,,,,,,,,,,,,,,,,,,,,,,,,,,,,,,,,,,,,,,,,,,,,,,,,,,,,,,,,,,,,,,,,,,,,,,,,,,,,,,,,,,,,,,,,,,,,,,,,,,,,,,,206.4906731589981,None,206.4906731589981,None,206.4906731589981,None,206.4906731589981,None,right,1.19978440399791,208.48559096999816,None,,,,,,,,,456456,001,2020_ápr_28_1532,trk-encoding,2020.1.0,941.4730456497393,
,,,,,,,,,,,,,,,,,,,,,,,,,,,,,,,,,,,,,,,,,,,,,,,,,,,,,,,,,,,,,,,,,,,,,,,,,,,,,,,,,,,,,,,,,,,,,,,,,,,,,,,,,,,,,,,,,,,,,,,,,,,,,,,,,,,,,,,,,,,,,,,,,,,,,,,,,,,,,,209.69007961399984,None,right,1.0075714609993156,214.68822218700006,None,,,456456,001,2020_ápr_28_1532,trk-encoding,2020.1.0,941.4730456497393,
,,,,,,,,,,,,,,,,,,,,,,,,,,,,,,,,,,,,,,,,,,,,,,,,,,,,,,,,,,,,,,,,,,,,,,,,,,,,,,,,,,,,215.6974658250001,None,,,,,,,,,,,,,,,,,,,,,,,,,,,,,,,,,,,,,,,,,,,,,,,,,,,,,,,,,,,,,,,,,,,,,,,,,,,,,,,216.7032857319973,None,,,,,,,
