﻿Task,TrialType,StimType,Order,CurrentImage,CurrentX,CurrentY,Jitter,Section,TrialIndex,ScannerRun,Delay,TripletMemberA,TripletMemberB,TripletMemberC,Xcoordinate,Ycoordinate,Xcoordinate_lure1,Ycoordinate_lure1,Xcoordinate_lure2,Ycoordinate_lure2,Xcoordinate_foil,Ycoordinate_foil,DemoImage,DemoX,DemoY,InPractice,DemoText,BlockNr,Filler,enc_practice_trials.thisRepN,enc_practice_trials.thisTrialN,enc_practice_trials.thisN,enc_practice_trials.thisIndex,enc_runs.thisRepN,enc_runs.thisTrialN,enc_runs.thisN,enc_runs.thisIndex,enc_trials.thisRepN,enc_trials.thisTrialN,enc_trials.thisN,enc_trials.thisIndex,demo_trials.thisRepN,demo_trials.thisTrialN,demo_trials.thisN,demo_trials.thisIndex,rec_practice_blocks.thisRepN,rec_practice_blocks.thisTrialN,rec_practice_blocks.thisN,rec_practice_blocks.thisIndex,rec_practice_trials.thisRepN,rec_practice_trials.thisTrialN,rec_practice_trials.thisN,rec_practice_trials.thisIndex,lab_thanks.started,lab_thanks.stopped,lab_key.keys,lab_key.rt,lab_key.started,lab_key.stopped,start_encoding_text.started,start_encoding_text.stopped,enc_instructions_1_text.started,enc_instructions_1_text.stopped,enc_instructions_1_image.started,enc_instructions_1_image.stopped,enc_instructions_1_key.keys,enc_instructions_1_key.rt,enc_instructions_1_key.started,enc_instructions_1_key.stopped,enc_instructions_2_text.started,enc_instructions_2_text.stopped,enc_instructions_2_image.started,enc_instructions_2_image.stopped,enc_instructions_2_key.keys,enc_instructions_2_key.rt,enc_instructions_2_key.started,enc_instructions_2_key.stopped,enc_instructions_3_text.started,enc_instructions_3_text.stopped,enc_instructions_3_key.keys,enc_instructions_3_key.rt,enc_instructions_3_key.started,enc_instructions_3_key.stopped,start_practice_text.started,start_practice_text.stopped,enc_fx_map.started,enc_fx_map.stopped,enc_fx_cross.started,enc_fx_cross.stopped,enc_fx_key.keys,enc_fx_key.started,enc_fx_key.stopped,enc_trial_map.started,enc_trial_map.stopped,enc_trial_main_image.started,enc_trial_main_image.stopped,enc_trial_key.keys,enc_trial_key.started,enc_trial_key.stopped,enc_practice_feedback_map.started,enc_practice_feedback_map.stopped,enc_practice_feedback_image.started,enc_practice_feedback_image.stopped,enc_practice_feedback_text.started,enc_practice_feedback_text.stopped,end_practice_text.started,end_practice_text.stopped,end_practice_key.keys,end_practice_key.rt,end_practice_key.started,end_practice_key.stopped,start_enc_run_text.started,start_enc_run_text.stopped,end_enc_run_text.started,end_enc_run_text.stopped,enc_run_end_key.keys,enc_run_end_key.rt,enc_run_end_key.started,enc_run_end_key.stopped,start_recognition_text.started,start_recognition_text.stopped,rec_instructions_1_text.started,rec_instructions_1_text.stopped,rec_instructions_1_key.keys,rec_instructions_1_key.rt,rec_instructions_1_key.started,rec_instructions_1_key.stopped,rec_instructions2_text.started,rec_instructions2_text.stopped,rec_instructions_2_key.keys,rec_instructions_2_key.rt,rec_instructions_2_key.started,rec_instructions_2_key.stopped,rec_instrauction_3_text.started,rec_instrauction_3_text.stopped,rec_instructions_3_key.keys,rec_instructions_3_key.rt,rec_instructions_3_key.started,rec_instructions_3_key.stopped,rec_instructions_4_text.started,rec_instructions_4_text.stopped,rec_instructions_4_key.keys,rec_instructions_4_key.rt,rec_instructions_4_key.started,rec_instructions_4_key.stopped,demo_map.started,demo_map.stopped,demo_main_image.started,demo_main_image.stopped,demo_image.started,demo_image.stopped,demo_text.started,demo_text.stopped,demo_key.keys,demo_key.rt,demo_key.started,demo_key.stopped,demo_end_text.started,demo_end_text.stopped,demo_end_key.keys,demo_end_key.rt,demo_end_key.started,demo_end_key.stopped,rec_practice_block_text.started,rec_practice_block_text.stopped,rec_fx_map.started,rec_fx_map.stopped,rec_fx_cross.started,rec_fx_cross.stopped,rec_fx_key.keys,rec_fx_key.started,rec_fx_key.stopped,rec_trial_map.started,rec_trial_map.stopped,rec_trial_main_image.started,rec_trial_main_image.stopped,rec_trial_key.keys,rec_trial_key.started,rec_trial_key.stopped,participant,session,date,expName,psychopyVersion,frameRate,
,,,,,,,,,,,,,,,,,,,,,,,,,,,,,,,,,,,,,,,,,,,,,,,,,,,,,,5.37402479299999,None,right,1.9557395990013902,5.37402479299999,None,,,,,,,,,,,,,,,,,,,,,,,,,,,,,,,,,,,,,,,,,,,,,,,,,,,,,,,,,,,,,,,,,,,,,,,,,,,,,,,,,,,,,,,,,,,,,,,,,,,,,,,,,,,,,,,,,,,,,,,,,456456,001,2020_ápr_28_1524,trk-encoding,2020.1.0,943.0849195517409,
,,,,,,,,,,,,,,,,,,,,,,,,,,,,,,,,,,,,,,,,,,,,,,,,,,,,,,,,,,,,7.334971475000202,None,8.836647964999429,None,8.836647964999429,None,right,13.617003956998815,8.836647964999429,None,,,,,,,,,,,,,,,,,,,,,,,,,,,,,,,,,,,,,,,,,,,,,,,,,,,,,,,,,,,,,,,,,,,,,,,,,,,,,,,,,,,,,,,,,,,,,,,,,,,,,,,,,,,,,,,456456,001,2020_ápr_28_1524,trk-encoding,2020.1.0,943.0849195517409,
,,,,,,,,,,,,,,,,,,,,,,,,,,,,,,,,,,,,,,,,,,,,,,,,,,,,,,,,,,,,,,,,,,,,,,22.458316332998947,None,22.458316332998947,None,right,215.2504078439997,22.458316332998947,None,,,,,,,,,,,,,,,,,,,,,,,,,,,,,,,,,,,,,,,,,,,,,,,,,,,,,,,,,,,,,,,,,,,,,,,,,,,,,,,,,,,,,,,,,,,,,,,,,,,,,,,456456,001,2020_ápr_28_1524,trk-encoding,2020.1.0,943.0849195517409,
,,,,,,,,,,,,,,,,,,,,,,,,,,,,,,,,,,,,,,,,,,,,,,,,,,,,,,,,,,,,,,,,,,,,,,,,,,,,,,237.71148274799998,None,right,0.8524883840000257,237.71148274799998,None,,,,,,,,,,,,,,,,,,,,,,,,,,,,,,,,,,,,,,,,,,,,,,,,,,,,,,,,,,,,,,,,,,,,,,,,,,,,,,,,,,,,,,,,,,,,,,,,,456456,001,2020_ápr_28_1524,trk-encoding,2020.1.0,943.0849195517409,
EncodingPractice,LOC,TARGET,1,stimuli/fractals/166a.jpg,-300.0,0.0,1500,Encoding,,,,,,,,,,,,,,,,,,,,,,0,0,0,0,,,,,,,,,,,,,,,,,,,,,,,,,,,,,,,,,,,,,,,,,,,,,,,,,,,238.56592684799762,None,239.58960877599748,None,239.58960877599748,None,None,239.58960877599748,None,241.17009745299947,None,241.17009745299947,None,None,241.17009745299947,None,244.1764394239981,None,244.1764394239981,None,244.1764394239981,None,,,,,,,,,,,,,,,,,,,,,,,,,,,,,,,,,,,,,,,,,,,,,,,,,,,,,,,,,,,,,,,,,,,,,,,,,,,456456,001,2020_ápr_28_1524,trk-encoding,2020.1.0,943.0849195517409,
EncodingPractice,OBJ,TARGET,1,stimuli/fractals/167a.jpg,300.0,0.0,500,Encoding,,,,,,,,,,,,,,,,,,,,,,0,1,1,1,,,,,,,,,,,,,,,,,,,,,,,,,,,,,,,,,,,,,,,,,,,,,,,,,,,,,245.10138277999795,None,245.10138277999795,None,None,245.10138277999795,None,245.68063762399834,None,245.68063762399834,None,None,245.68063762399834,None,248.6828199269985,None,248.6828199269985,None,248.6828199269985,None,,,,,,,,,,,,,,,,,,,,,,,,,,,,,,,,,,,,,,,,,,,,,,,,,,,,,,,,,,,,,,,,,,,,,,,,,,,456456,001,2020_ápr_28_1524,trk-encoding,2020.1.0,943.0849195517409,
EncodingPractice,LOC,LURE,1,stimuli/fractals/159a.jpg,0.0,300.0,5000,Encoding,,,,,,,,,,,,,,,,,,,,,,0,2,2,3,,,,,,,,,,,,,,,,,,,,,,,,,,,,,,,,,,,,,,,,,,,,,,,,,,,,,249.61132337099843,None,249.61132337099843,None,None,249.61132337099843,None,254.7022454729995,None,254.7022454729995,None,None,254.7022454729995,None,257.6952847229986,None,257.6952847229986,None,257.6952847229986,None,,,,,,,,,,,,,,,,,,,,,,,,,,,,,,,,,,,,,,,,,,,,,,,,,,,,,,,,,,,,,,,,,,,,,,,,,,,456456,001,2020_ápr_28_1524,trk-encoding,2020.1.0,943.0849195517409,
EncodingPractice,-,-,1,stimuli/fractals/177b.jpg,300.0,0.0,800,Encoding,,,,,,,,,,,,,,,,,,,,,,0,3,3,4,,,,,,,,,,,,,,,,,,,,,,,,,,,,,,,,,,,,,,,,,,,,,,,,,,,,,258.6264307300007,None,258.6264307300007,None,None,258.6264307300007,None,259.5065204889979,None,259.5065204889979,None,None,259.5065204889979,None,262.51447056399775,None,262.51447056399775,None,262.51447056399775,None,,,,,,,,,,,,,,,,,,,,,,,,,,,,,,,,,,,,,,,,,,,,,,,,,,,,,,,,,,,,,,,,,,,,,,,,,,,456456,001,2020_ápr_28_1524,trk-encoding,2020.1.0,943.0849195517409,
EncodingPractice,LOC,FOIL,1,stimuli/fractals/148b.jpg,212.1320344,212.1320344,1000,Encoding,,,,,,,,,,,,,,,,,,,,,,0,4,4,2,,,,,,,,,,,,,,,,,,,,,,,,,,,,,,,,,,,,,,,,,,,,,,,,,,,,,263.4339782999996,None,263.4339782999996,None,None,263.4339782999996,None,264.50972086899856,None,264.50972086899856,None,None,264.50972086899856,None,267.5136981270007,None,267.5136981270007,None,267.5136981270007,None,,,,,,,,,,,,,,,,,,,,,,,,,,,,,,,,,,,,,,,,,,,,,,,,,,,,,,,,,,,,,,,,,,,,,,,,,,,456456,001,2020_ápr_28_1524,trk-encoding,2020.1.0,943.0849195517409,
,,,,,,,,,,,,,,,,,,,,,,,,,,,,,,,,,,,,,,,,,,,,,,,,,,,,,,,,,,,,,,,,,,,,,,,,,,,,,,,,,,,,,,,,,,,,,,,,,,,,,,,,,,268.4448534269977,None,right,16.116344207999646,268.4448534269977,None,,,,,,,,,,,,,,,,,,,,,,,,,,,,,,,,,,,,,,,,,,,,,,,,,,,,,,,,,,,,,,,,,,,,,456456,001,2020_ápr_28_1524,trk-encoding,2020.1.0,943.0849195517409,
,,OLP,1,stimuli/fractals/101b.jpg,212.1320344,212.1320344,2000,,1,1,3,stimuli/fractals/101b.jpg,stimuli/fractals/101a.jpg,stimuli/fractals/101c.jpg,212.1320344,212.1320344,0.0,300.0,300.0,0.0,-212.1320344,-212.1320344,,,,,,,,,,,,0,0,0,0,0,0,0,0,,,,,,,,,,,,,,,,,,,,,,,,,,,,,,,,,,,,,,,,,,,,,286.64584809699954,None,286.64584809699954,None,None,286.64584809699954,None,288.7237561129987,None,288.7237561129987,None,None,288.7237561129987,None,,,,,,,,,,,,,284.56488927199825,None,,,,,,,,,,,,,,,,,,,,,,,,,,,,,,,,,,,,,,,,,,,,,,,,,,,,,,,,,,,,,,,,,,,456456,001,2020_ápr_28_1524,trk-encoding,2020.1.0,943.0849195517409,
,,OLP,1,stimuli/fractals/97b.jpg,212.1320344,-212.1320344,6000,,2,1,3,stimuli/fractals/97b.jpg,stimuli/fractals/97c.jpg,stimuli/fractals/97a.jpg,212.1320344,-212.1320344,0.0,-300.0,300.0,0.0,-212.1320344,212.1320344,,,,,,,,,,,,0,0,0,0,0,1,1,1,,,,,,,,,,,,,,,,,,,,,,,,,,,,,,,,,,,,,,,,,,,,,291.66420695600027,None,291.66420695600027,None,None,291.66420695600027,None,297.7407793509992,None,297.7407793509992,None,None,297.7407793509992,None,,,,,,,,,,,,,,,,,,,,,,,,,,,,,,,,,,,,,,,,,,,,,,,,,,,,,,,,,,,,,,,,,,,,,,,,,,,,,,,,,456456,001,2020_ápr_28_1524,trk-encoding,2020.1.0,943.0849195517409,
,,LLP,1,stimuli/fractals/76b.jpg,212.1320344,212.1320344,2000,,3,1,5,stimuli/fractals/76b.jpg,stimuli/fractals/76c.jpg,stimuli/fractals/76a.jpg,212.1320344,212.1320344,300.0,0.0,0.0,300.0,-212.1320344,-212.1320344,,,,,,,,,,,,1,0,1,0,0,0,0,0,,,,,,,,,,,,,,,,,,,,,,,,,,,,,,,,,,,,,,,,,,,,,303.34737755400056,None,303.34737755400056,None,None,303.34737755400056,None,305.42261789999975,None,305.42261789999975,None,None,305.42261789999975,None,,,,,,,,,,,,,301.2677013779976,None,300.6825007599982,None,right,0.5809604770001897,300.6825007599982,None,,,,,,,,,,,,,,,,,,,,,,,,,,,,,,,,,,,,,,,,,,,,,,,,,,,,,,,,,,,,,456456,001,2020_ápr_28_1524,trk-encoding,2020.1.0,943.0849195517409,
,,ERP,1,stimuli/fractals/19a.jpg,212.1320344,-212.1320344,1000,,4,1,2,stimuli/fractals/19a.jpg,stimuli/fractals/19c.jpg,stimuli/fractals/19b.jpg,212.1320344,-212.1320344,300.0,0.0,0.0,-300.0,-300.0,0.0,,,,,,,,,,,,1,0,1,0,0,1,1,1,,,,,,,,,,,,,,,,,,,,,,,,,,,,,,,,,,,,,,,,,,,,,308.36139322599774,None,308.36139322599774,None,None,308.36139322599774,None,309.4401578500001,None,309.4401578500001,None,None,309.4401578500001,None,,,,,,,,,,,,,,,,,,,,,,,,,,,,,,,,,,,,,,,,,,,,,,,,,,,,,,,,,,,,,,,,,,,,,,,,,,,,,,,,,456456,001,2020_ápr_28_1524,trk-encoding,2020.1.0,943.0849195517409,
,,OLP,2,stimuli/fractals/101a.jpg,212.1320344,212.1320344,5000,,5,1,0,stimuli/fractals/101b.jpg,stimuli/fractals/101a.jpg,stimuli/fractals/101c.jpg,212.1320344,212.1320344,0.0,300.0,300.0,0.0,-212.1320344,-212.1320344,,,,,,,,,,,,2,0,2,0,0,0,0,0,,,,,,,,,,,,,,,,,,,,,,,,,,,,,,,,,,,,,,,,,,,,,318.3852543769972,None,318.3852543769972,None,None,318.3852543769972,None,323.46199335599886,None,323.46199335599886,None,None,323.46199335599886,None,,,,,,,,,,,,,316.3063145319975,None,312.36990467899886,None,right,3.9332651879994955,312.36990467899886,None,,,,,,,,,,,,,,,,,,,,,,,,,,,,,,,,,,,,,,,,,,,,,,,,,,,,,,,,,,,,,456456,001,2020_ápr_28_1524,trk-encoding,2020.1.0,943.0849195517409,
,,OLP,2,stimuli/fractals/97c.jpg,212.1320344,-212.1320344,3000,,6,1,0,stimuli/fractals/97b.jpg,stimuli/fractals/97c.jpg,stimuli/fractals/97a.jpg,212.1320344,-212.1320344,0.0,-300.0,300.0,0.0,-212.1320344,212.1320344,,,,,,,,,,,,2,0,2,0,0,1,1,1,,,,,,,,,,,,,,,,,,,,,,,,,,,,,,,,,,,,,,,,,,,,,326.3989261129973,None,326.3989261129973,None,None,326.3989261129973,None,329.4754332159973,None,329.4754332159973,None,None,329.4754332159973,None,,,,,,,,,,,,,,,,,,,,,,,,,,,,,,,,,,,,,,,,,,,,,,,,,,,,,,,,,,,,,,,,,,,,,,,,,,,,,,,,,456456,001,2020_ápr_28_1524,trk-encoding,2020.1.0,943.0849195517409,
,,,,,,,,,,,,,,,,,,,,,,,,,,,,,,,,,,,,,,,,,,,,,,,,,,,,,,,,,,,,,,,,,,,,,,,,,,,,,,,,,,,,,,,,,,,,,,,,,,,,,,,,,,,,,,,,,,332.41441365599894,None,right,2.3226004600001033,332.41441365599894,None,334.74067507899963,None,336.7419283449999,None,right,1.265798406999238,336.7419283449999,None,,,,,,,,,,,,,,,,,,,,,,,,,,,,,,,,,,,,,,,,,,,,,,,,,,,,,456456,001,2020_ápr_28_1524,trk-encoding,2020.1.0,943.0849195517409,
,,,,,,,,,,,,,,,,,,,,,,,,,,,,,,,,,,,,,,,,,,,,,,,,,,,,,,,,,,,,,,,,,,,,,,,,,,,,,,,,,,,,,,,,,,,,,,,,,,,,,,,,,,,,,,,,,,,,,,,,,,,,,,,,338.01012464700034,None,right,0.8370483279977634,338.01012464700034,None,,,,,,,,,,,,,,,,,,,,,,,,,,,,,,,,,,,,,,,,,,,,,,,456456,001,2020_ápr_28_1524,trk-encoding,2020.1.0,943.0849195517409,
,,,,,,,,,,,,,,,,,,,,,,,,,,,,,,,,,,,,,,,,,,,,,,,,,,,,,,,,,,,,,,,,,,,,,,,,,,,,,,,,,,,,,,,,,,,,,,,,,,,,,,,,,,,,,,,,,,,,,,,,,,,,,,,,,,,,,,338.84976266399826,None,right,0.5621332660011831,338.84976266399826,None,,,,,,,,,,,,,,,,,,,,,,,,,,,,,,,,,,,,,,,,,456456,001,2020_ápr_28_1524,trk-encoding,2020.1.0,943.0849195517409,
,,,,,,,,,,,,,,,,,,,,,,,,,,,,,,,,,,,,,,,,,,,,,,,,,,,,,,,,,,,,,,,,,,,,,,,,,,,,,,,,,,,,,,,,,,,,,,,,,,,,,,,,,,,,,,,,,,,,,,,,,,,,,,,,,,,,,,,,,,,,339.41431231299794,None,right,0.7172490990014921,339.41431231299794,None,,,,,,,,,,,,,,,,,,,,,,,,,,,,,,,,,,,456456,001,2020_ápr_28_1524,trk-encoding,2020.1.0,943.0849195517409,
Demo,OBJ,LURE,,stimuli/fractals//181b.jpg,300.0,0.0,2300,,,,,,,,,,,,,,,,stimuli/fractals//181c.jpg,-300.0,0.0,-,Hasonló Képek,,,,,,,,,,,,,,,0,0,0,0,,,,,,,,,,,,,,,,,,,,,,,,,,,,,,,,,,,,,,,,,,,,,,,,,,,,,,,,,,,,,,,,,,,,,,,,,,,,,,,,,,,,,,,,,,,,,,,,,,,,,340.3011048619992,None,340.3011048619992,None,340.3011048619992,None,340.3011048619992,None,right,0.02587978299925453,342.29790268599754,None,,,,,,,,,,,,,,,,,,,,,,,456456,001,2020_ápr_28_1524,trk-encoding,2020.1.0,943.0849195517409,
Demo,OBJ,LURE,,stimuli/fractals//149a.jpg,300.0,0.0,1000,,,,,,,,,,,,,,,,stimuli/fractals//149b.jpg,-300.0,0.0,-,Hasonló Képek,,,,,,,,,,,,,,,0,1,1,1,,,,,,,,,,,,,,,,,,,,,,,,,,,,,,,,,,,,,,,,,,,,,,,,,,,,,,,,,,,,,,,,,,,,,,,,,,,,,,,,,,,,,,,,,,,,,,,,,,,,,342.47154127499743,None,342.47154127499743,None,342.47154127499743,None,342.47154127499743,None,right,0.19914719499865896,344.4673031530001,None,,,,,,,,,,,,,,,,,,,,,,,456456,001,2020_ápr_28_1524,trk-encoding,2020.1.0,943.0849195517409,
Demo,OBJ,LURE,,stimuli/fractals//177b.jpg,300.0,0.0,800,,,,,,,,,,,,,,,,stimuli/fractals//177c.jpg,-300.0,0.0,-,Hasonló Képek,,,,,,,,,,,,,,,0,2,2,2,,,,,,,,,,,,,,,,,,,,,,,,,,,,,,,,,,,,,,,,,,,,,,,,,,,,,,,,,,,,,,,,,,,,,,,,,,,,,,,,,,,,,,,,,,,,,,,,,,,,,344.821975046998,None,344.821975046998,None,344.821975046998,None,344.821975046998,None,right,0.1714000419997319,346.82074838599874,None,,,,,,,,,,,,,,,,,,,,,,,456456,001,2020_ápr_28_1524,trk-encoding,2020.1.0,943.0849195517409,
Demo,OBJ,LURE,,stimuli/fractals//167a.jpg,300.0,0.0,1500,,,,,,,,,,,,,,,,stimuli/fractals//167b.jpg,-300.0,0.0,OBJ-TARGET,Hasonló Képek,,,,,,,,,,,,,,,0,3,3,3,,,,,,,,,,,,,,,,,,,,,,,,,,,,,,,,,,,,,,,,,,,,,,,,,,,,,,,,,,,,,,,,,,,,,,,,,,,,,,,,,,,,,,,,,,,,,,,,,,,,,347.1453453159993,None,347.1453453159993,None,347.1453453159993,None,347.1453453159993,None,right,0.029983078999066493,349.1434260729984,None,,,,,,,,,,,,,,,,,,,,,,,456456,001,2020_ápr_28_1524,trk-encoding,2020.1.0,943.0849195517409,
Demo,OBJ,FOIL,,stimuli/fractals//163a.jpg,300.0,0.0,600,,,,,,,,,,,,,,,,stimuli/fractals//173c.jpg,-300.0,0.0,-,Új Képek,,,,,,,,,,,,,,,0,4,4,4,,,,,,,,,,,,,,,,,,,,,,,,,,,,,,,,,,,,,,,,,,,,,,,,,,,,,,,,,,,,,,,,,,,,,,,,,,,,,,,,,,,,,,,,,,,,,,,,,,,,,349.3217378070003,None,349.3217378070003,None,349.3217378070003,None,349.3217378070003,None,right,0.5244265629989968,351.322001782999,None,,,,,,,,,,,,,,,,,,,,,,,456456,001,2020_ápr_28_1524,trk-encoding,2020.1.0,943.0849195517409,
Demo,LOC,LURE,,stimuli/fractals//166a.jpg,-300.0,0.0,800,,,,,,,,,,,,,,,,stimuli/fractals//166a.jpg,-212.1320344,-212.1320344,"LOC-TARGET, OBJ-LURE",Hasonló Helyek,,,,,,,,,,,,,,,0,5,5,5,,,,,,,,,,,,,,,,,,,,,,,,,,,,,,,,,,,,,,,,,,,,,,,,,,,,,,,,,,,,,,,,,,,,,,,,,,,,,,,,,,,,,,,,,,,,,,,,,,,,,351.9950580679979,None,351.9950580679979,None,351.9950580679979,None,351.9950580679979,None,right,0.3202348400009214,353.996340239999,None,,,,,,,,,,,,,,,,,,,,,,,456456,001,2020_ápr_28_1524,trk-encoding,2020.1.0,943.0849195517409,
Demo,LOC,LURE,,stimuli/fractals//159a.jpg,0.0,300.0,1500,,,,,,,,,,,,,,,,stimuli/fractals//159a.jpg,-212.1320344,212.1320344,LOC-LURE,Hasonló Helyek,,,,,,,,,,,,,,,0,6,6,6,,,,,,,,,,,,,,,,,,,,,,,,,,,,,,,,,,,,,,,,,,,,,,,,,,,,,,,,,,,,,,,,,,,,,,,,,,,,,,,,,,,,,,,,,,,,,,,,,,,,,354.4739639569998,None,354.4739639569998,None,354.4739639569998,None,354.4739639569998,None,right,0.22549859799983096,356.4722152229988,None,,,,,,,,,,,,,,,,,,,,,,,456456,001,2020_ápr_28_1524,trk-encoding,2020.1.0,943.0849195517409,
Demo,LOC,LURE,,stimuli/fractals//148b.jpg,212.1320344,212.1320344,800,,,,,,,,,,,,,,,,stimuli/fractals//148b.jpg,0.0,300.0,LOC-FOIL,Hasonló Helyek,,,,,,,,,,,,,,,0,7,7,7,,,,,,,,,,,,,,,,,,,,,,,,,,,,,,,,,,,,,,,,,,,,,,,,,,,,,,,,,,,,,,,,,,,,,,,,,,,,,,,,,,,,,,,,,,,,,,,,,,,,,356.83984555799907,None,356.83984555799907,None,356.83984555799907,None,356.83984555799907,None,right,0.1805003979970934,358.8395385219992,None,,,,,,,,,,,,,,,,,,,,,,,456456,001,2020_ápr_28_1524,trk-encoding,2020.1.0,943.0849195517409,
Demo,LOC,FOIL,,stimuli/fractals//177b.jpg,300.0,0.0,800,,,,,,,,,,,,,,,,stimuli/fractals//177b.jpg,-212.1320344,212.1320344,OBJ-LURE,Új Helyek,,,,,,,,,,,,,,,0,8,8,8,,,,,,,,,,,,,,,,,,,,,,,,,,,,,,,,,,,,,,,,,,,,,,,,,,,,,,,,,,,,,,,,,,,,,,,,,,,,,,,,,,,,,,,,,,,,,,,,,,,,,359.18602762599767,None,359.18602762599767,None,359.18602762599767,None,359.18602762599767,None,right,0.322612334999576,361.187127590998,None,,,,,,,,,,,,,,,,,,,,,,,456456,001,2020_ápr_28_1524,trk-encoding,2020.1.0,943.0849195517409,
Demo,LOC,FOIL,,stimuli/fractals//177b.jpg,300.0,0.0,1200,,,,,,,,,,,,,,,,stimuli/fractals//177b.jpg,-300.0,0.0,OBJ-LURE,Új Helyek,,,,,,,,,,,,,,,0,9,9,9,,,,,,,,,,,,,,,,,,,,,,,,,,,,,,,,,,,,,,,,,,,,,,,,,,,,,,,,,,,,,,,,,,,,,,,,,,,,,,,,,,,,,,,,,,,,,,,,,,,,,361.66975611799717,None,361.66975611799717,None,361.66975611799717,None,361.66975611799717,None,right,0.6306833870003175,363.66308572399794,None,,,,,,,,,,,,,,,,,,,,,,,456456,001,2020_ápr_28_1524,trk-encoding,2020.1.0,943.0849195517409,
,,,,,,,,,,,,,,,,,,,,,,,,,,,,,,,,,,,,,,,,,,,,,,,,,,,,,,,,,,,,,,,,,,,,,,,,,,,,,,,,,,,,,,,,,,,,,,,,,,,,,,,,,,,,,,,,,,,,,,,,,,,,,,,,,,,,,,,,,,,,,,,,,,,,,,,,,,,,,,364.29850680099844,None,right,0.5096061490003194,369.29536307299713,None,,,,,,,,,,,,,,,,,456456,001,2020_ápr_28_1524,trk-encoding,2020.1.0,943.0849195517409,
RecognitionPractice,OBJ,FOIL,,stimuli/fractals/156b.jpg,212.1320344,212.1320344,0.6,,1,,,,,,,,,,,,,,,,,,,1,0,,,,,,,,,,,,,,,,,0,0,0,0,0,0,0,0,,,,,,,,,,,,,,,,,,,,,,,,,,,,,,,369.80690901100024,None,,,,,,,,,,,,,,,,,,,,,,,,,,,,,,,,,,,,,,,,,,,,,,,,,,,,,,,,,,,,,,,,,,,,,,,,,,,,,,,370.81375313600074,None,371.82471574269726,None,371.82471574269726,None,None,371.82471574269726,None,371.90218982999795,None,371.90218982999795,None,None,371.90218982999795,None,456456,001,2020_ápr_28_1524,trk-encoding,2020.1.0,943.0849195517409,
RecognitionPractice,OBJ,LURE,,stimuli/fractals/166c.jpg,-300.0,0.0,0.6,,1,,,,,,,,,,,,,,,,,,,1,0,,,,,,,,,,,,,,,,,0,0,0,0,0,1,1,1,,,,,,,,,,,,,,,,,,,,,,,,,,,,,,,,,,,,,,,,,,,,,,,,,,,,,,,,,,,,,,,,,,,,,,,,,,,,,,,,,,,,,,,,,,,,,,,,,,,,,,,,,,,,,,,,,374.8308195287005,None,374.8308195287005,None,None,374.8308195287005,None,374.9070578110004,None,374.9070578110004,None,None,374.9070578110004,None,456456,001,2020_ápr_28_1524,trk-encoding,2020.1.0,943.0849195517409,
RecognitionPractice,OBJ,TARGET,,stimuli/fractals/167a.jpg,0.0,300.0,2.0,,2,,,,,,,,,,,,,,,,,,,1,0,,,,,,,,,,,,,,,,,0,0,0,0,0,2,2,2,,,,,,,,,,,,,,,,,,,,,,,,,,,,,,,,,,,,,,,,,,,,,,,,,,,,,,,,,,,,,,,,,,,,,,,,,,,,,,,,,,,,,,,,,,,,,,,,,,,,,,,,,,,,,,,,,377.84149806599817,None,377.84149806599817,None,None,377.84149806599817,None,377.9220638179977,None,377.9220638179977,None,None,377.9220638179977,None,456456,001,2020_ápr_28_1524,trk-encoding,2020.1.0,943.0849195517409,
RecognitionPractice,LOC,LURE,,stimuli/fractals/159a.jpg,212.1320344,212.1320344,1.0,,4,,,,,,,,,,,,,,,,,,,2,0,,,,,,,,,,,,,,,,,1,0,1,0,0,0,0,0,,,,,,,,,,,,,,,,,,,,,,,,,,,,,,,,,,,,,,,,,,,,,,,,,,,,,,,,,,,,,,,,,,,,,,,,,,,,,,,,,,,,,,,,,,,,,,,,,,,,,,,,,,,,,,,380.85892762799995,None,381.8643964339972,None,381.8643964339972,None,None,381.8643964339972,None,381.9456284109983,None,381.9456284109983,None,None,381.9456284109983,None,456456,001,2020_ápr_28_1524,trk-encoding,2020.1.0,943.0849195517409,
RecognitionPractice,LOC,FOIL,,stimuli/fractals/148b.jpg,-212.1320344,-212.1320344,1.5,,5,,,,,,,,,,,,,,,,,,,2,0,,,,,,,,,,,,,,,,,1,0,1,0,0,1,1,1,,,,,,,,,,,,,,,,,,,,,,,,,,,,,,,,,,,,,,,,,,,,,,,,,,,,,,,,,,,,,,,,,,,,,,,,,,,,,,,,,,,,,,,,,,,,,,,,,,,,,,,,,,,,,,,,,384.8754405439977,None,384.8754405439977,None,None,384.8754405439977,None,384.9491050020006,None,384.9491050020006,None,None,384.9491050020006,None,456456,001,2020_ápr_28_1524,trk-encoding,2020.1.0,943.0849195517409,
RecognitionPractice,LOC,TARGET,,stimuli/fractals/166a.jpg,-300.0,0.0,1.0,,6,,,,,,,,,,,,,,,,,,,2,0,,,,,,,,,,,,,,,,,1,0,1,0,0,2,2,2,,,,,,,,,,,,,,,,,,,,,,,,,,,,,,,,,,,,,,,,,,,,,,,,,,,,,,,,,,,,,,,,,,,,,,,,,,,,,,,,,,,,,,,,,,,,,,,,,,,,,,,,,,,,,,,,,387.8838635680004,None,387.8838635680004,None,None,387.8838635680004,None,387.95725964099984,None,387.95725964099984,None,None,387.95725964099984,None,456456,001,2020_ápr_28_1524,trk-encoding,2020.1.0,943.0849195517409,
