﻿Task,TrialType,StimType,Order,CurrentImage,CurrentX,CurrentY,Jitter,Section,TrialIndex,ScannerRun,Delay,TripletMemberA,TripletMemberB,TripletMemberC,Xcoordinate,Ycoordinate,Xcoordinate_lure1,Ycoordinate_lure1,Xcoordinate_lure2,Ycoordinate_lure2,Xcoordinate_foil,Ycoordinate_foil,DemoImage,DemoX,DemoY,InPractice,DemoText,enc_practice_trials.thisRepN,enc_practice_trials.thisTrialN,enc_practice_trials.thisN,enc_practice_trials.thisIndex,enc_runs.thisRepN,enc_runs.thisTrialN,enc_runs.thisN,enc_runs.thisIndex,enc_trials.thisRepN,enc_trials.thisTrialN,enc_trials.thisN,enc_trials.thisIndex,demo_trials.thisRepN,demo_trials.thisTrialN,demo_trials.thisN,demo_trials.thisIndex,rec_practice_blocks.thisRepN,rec_practice_blocks.thisTrialN,rec_practice_blocks.thisN,rec_practice_blocks.thisIndex,rec_practice_trials.thisRepN,rec_practice_trials.thisTrialN,rec_practice_trials.thisN,rec_practice_trials.thisIndex,BlockNr,Filler,lab_thanks.started,lab_thanks.stopped,lab_key.keys,lab_key.rt,lab_key.started,lab_key.stopped,start_encoding_text.started,start_encoding_text.stopped,enc_instructions_1_text.started,enc_instructions_1_text.stopped,enc_instructions_1_image.started,enc_instructions_1_image.stopped,enc_instructions_1_key.keys,enc_instructions_1_key.rt,enc_instructions_1_key.started,enc_instructions_1_key.stopped,enc_instructions_2_text.started,enc_instructions_2_text.stopped,enc_instructions_2_image.started,enc_instructions_2_image.stopped,enc_instructions_2_key.keys,enc_instructions_2_key.rt,enc_instructions_2_key.started,enc_instructions_2_key.stopped,enc_instructions_3_text.started,enc_instructions_3_text.stopped,enc_instructions_3_key.keys,enc_instructions_3_key.rt,enc_instructions_3_key.started,enc_instructions_3_key.stopped,start_practice_text.started,start_practice_text.stopped,enc_fx_map.started,enc_fx_map.stopped,enc_fx_cross.started,enc_fx_cross.stopped,enc_fx_key.keys,enc_fx_key.started,enc_fx_key.stopped,enc_trial_map.started,enc_trial_map.stopped,enc_trial_main_image.started,enc_trial_main_image.stopped,enc_trial_key.keys,enc_trial_key.started,enc_trial_key.stopped,enc_practice_feedback_map.started,enc_practice_feedback_map.stopped,enc_practice_feedback_image.started,enc_practice_feedback_image.stopped,enc_practice_feedback_text.started,enc_practice_feedback_text.stopped,enc_trial_key.rt,end_practice_text.started,end_practice_text.stopped,end_practice_key.keys,end_practice_key.rt,end_practice_key.started,end_practice_key.stopped,start_enc_run_text.started,start_enc_run_text.stopped,end_enc_run_text.started,end_enc_run_text.stopped,enc_run_end_key.keys,enc_run_end_key.rt,enc_run_end_key.started,enc_run_end_key.stopped,start_recognition_text.started,start_recognition_text.stopped,rec_instructions_1_text.started,rec_instructions_1_text.stopped,rec_instructions_1_key.keys,rec_instructions_1_key.rt,rec_instructions_1_key.started,rec_instructions_1_key.stopped,rec_instructions2_text.started,rec_instructions2_text.stopped,rec_instructions_2_key.keys,rec_instructions_2_key.rt,rec_instructions_2_key.started,rec_instructions_2_key.stopped,rec_instrauction_3_text.started,rec_instrauction_3_text.stopped,rec_instructions_3_key.keys,rec_instructions_3_key.rt,rec_instructions_3_key.started,rec_instructions_3_key.stopped,rec_instructions_4_text.started,rec_instructions_4_text.stopped,rec_instructions_4_key.keys,rec_instructions_4_key.rt,rec_instructions_4_key.started,rec_instructions_4_key.stopped,demo_map.started,demo_map.stopped,demo_main_image.started,demo_main_image.stopped,demo_image.started,demo_image.stopped,demo_text.started,demo_text.stopped,demo_key.keys,demo_key.rt,demo_key.started,demo_key.stopped,demo_end_text.started,demo_end_text.stopped,demo_end_key.keys,demo_end_key.rt,demo_end_key.started,demo_end_key.stopped,rec_practice_block_text.started,rec_practice_block_text.stopped,rec_fx_map.started,rec_fx_map.stopped,rec_fx_cross.started,rec_fx_cross.stopped,rec_fx_key.keys,rec_fx_key.started,rec_fx_key.stopped,rec_fx_text_block.started,rec_fx_text_block.stopped,rec_fx_instructions_text.started,rec_fx_instructions_text.stopped,rec_trial_map.started,rec_trial_map.stopped,rec_trial_main_image.started,rec_trial_main_image.stopped,rec_trial_key.keys,rec_trial_key.started,rec_trial_key.stopped,rec_trial_text_block.started,rec_trial_text_block.stopped,rec_trial_instructions_text.started,rec_trial_instructions_text.stopped,participant,session,date,expName,psychopyVersion,frameRate,
,,,,,,,,,,,,,,,,,,,,,,,,,,,,,,,,,,,,,,,,,,,,,,,,,,,,,,5.291354446999321,None,right,2.3248158799979137,5.291354446999321,None,,,,,,,,,,,,,,,,,,,,,,,,,,,,,,,,,,,,,,,,,,,,,,,,,,,,,,,,,,,,,,,,,,,,,,,,,,,,,,,,,,,,,,,,,,,,,,,,,,,,,,,,,,,,,,,,,,,,,,,,,,,,,,,,,,456456,001,2020_ápr_28_1614,trk-encoding,2020.1.0,957.1490130154904,
,,,,,,,,,,,,,,,,,,,,,,,,,,,,,,,,,,,,,,,,,,,,,,,,,,,,,,,,,,,,7.623038429999724,None,9.12433451600009,None,9.12433451600009,None,right,1.7524372530024266,9.12433451600009,None,,,,,,,,,,,,,,,,,,,,,,,,,,,,,,,,,,,,,,,,,,,,,,,,,,,,,,,,,,,,,,,,,,,,,,,,,,,,,,,,,,,,,,,,,,,,,,,,,,,,,,,,,,,,,,,,,,,,,,,,456456,001,2020_ápr_28_1614,trk-encoding,2020.1.0,957.1490130154904,
,,,,,,,,,,,,,,,,,,,,,,,,,,,,,,,,,,,,,,,,,,,,,,,,,,,,,,,,,,,,,,,,,,,,,,10.880020996002713,None,10.880020996002713,None,right,1.2006973310017202,10.880020996002713,None,,,,,,,,,,,,,,,,,,,,,,,,,,,,,,,,,,,,,,,,,,,,,,,,,,,,,,,,,,,,,,,,,,,,,,,,,,,,,,,,,,,,,,,,,,,,,,,,,,,,,,,,,,,,,,,,456456,001,2020_ápr_28_1614,trk-encoding,2020.1.0,957.1490130154904,
,,,,,,,,,,,,,,,,,,,,,,,,,,,,,,,,,,,,,,,,,,,,,,,,,,,,,,,,,,,,,,,,,,,,,,,,,,,,,,12.082511294000142,None,right,0.7652095490011561,12.082511294000142,None,,,,,,,,,,,,,,,,,,,,,,,,,,,,,,,,,,,,,,,,,,,,,,,,,,,,,,,,,,,,,,,,,,,,,,,,,,,,,,,,,,,,,,,,,,,,,,,,,,,,,,,,,,456456,001,2020_ápr_28_1614,trk-encoding,2020.1.0,957.1490130154904,
EncodingPractice,LOC,LURE,1,stimuli/fractals/159a.jpg,0.0,300.0,5000,Encoding,,,,,,,,,,,,,,,,,,,,0,0,0,3,,,,,,,,,,,,,,,,,,,,,,,,,,,,,,,,,,,,,,,,,,,,,,,,,,,,,12.849313868002355,None,13.860000344000582,None,13.860000344000582,None,None,13.860000344000582,None,18.9010044500028,None,18.9010044500028,None,None,18.9010044500028,None,21.904523532000894,None,21.904523532000894,None,21.904523532000894,None,,,,,,,,,,,,,,,,,,,,,,,,,,,,,,,,,,,,,,,,,,,,,,,,,,,,,,,,,,,,,,,,,,,,,,,,,,,,,,,,,,,,456456,001,2020_ápr_28_1614,trk-encoding,2020.1.0,957.1490130154904,
EncodingPractice,LOC,TARGET,1,stimuli/fractals/166a.jpg,-300.0,0.0,1500,Encoding,,,,,,,,,,,,,,,,,,,,0,1,1,0,,,,,,,,,,,,,,,,,,,,,,,,,,,,,,,,,,,,,,,,,,,,,,,,,,,,,,,22.865762579000148,None,22.865762579000148,None,None,22.865762579000148,None,24.402358855000784,None,24.402358855000784,None,j,24.402358855000784,None,27.44444899500013,None,27.44444899500013,None,27.44444899500013,None,0.5971590570006811,,,,,,,,,,,,,,,,,,,,,,,,,,,,,,,,,,,,,,,,,,,,,,,,,,,,,,,,,,,,,,,,,,,,,,,,,,,,,,,,,,,456456,001,2020_ápr_28_1614,trk-encoding,2020.1.0,957.1490130154904,
EncodingPractice,LOC,FOIL,1,stimuli/fractals/148b.jpg,212.1320344,212.1320344,1000,Encoding,,,,,,,,,,,,,,,,,,,,0,2,2,2,,,,,,,,,,,,,,,,,,,,,,,,,,,,,,,,,,,,,,,,,,,,,,,,,,,,,,,28.37354382600097,None,28.37354382600097,None,None,28.37354382600097,None,29.4429315410016,None,29.4429315410016,None,f,29.4429315410016,None,32.44960096599971,None,32.44960096599971,None,32.44960096599971,None,1.2690653809986543,,,,,,,,,,,,,,,,,,,,,,,,,,,,,,,,,,,,,,,,,,,,,,,,,,,,,,,,,,,,,,,,,,,,,,,,,,,,,,,,,,,456456,001,2020_ápr_28_1614,trk-encoding,2020.1.0,957.1490130154904,
EncodingPractice,-,-,1,stimuli/fractals/177b.jpg,300.0,0.0,800,Encoding,,,,,,,,,,,,,,,,,,,,0,3,3,4,,,,,,,,,,,,,,,,,,,,,,,,,,,,,,,,,,,,,,,,,,,,,,,,,,,,,,,33.38219022799967,None,33.38219022799967,None,None,33.38219022799967,None,34.25628613899971,None,34.25628613899971,None,j,34.25628613899971,None,37.2654050630008,None,37.2654050630008,None,37.2654050630008,None,0.5514481729987892,,,,,,,,,,,,,,,,,,,,,,,,,,,,,,,,,,,,,,,,,,,,,,,,,,,,,,,,,,,,,,,,,,,,,,,,,,,,,,,,,,,456456,001,2020_ápr_28_1614,trk-encoding,2020.1.0,957.1490130154904,
EncodingPractice,OBJ,TARGET,1,stimuli/fractals/167a.jpg,300.0,0.0,500,Encoding,,,,,,,,,,,,,,,,,,,,0,4,4,1,,,,,,,,,,,,,,,,,,,,,,,,,,,,,,,,,,,,,,,,,,,,,,,,,,,,,,,38.18926437000118,None,38.18926437000118,None,None,38.18926437000118,None,38.7603954490005,None,38.7603954490005,None,j,38.7603954490005,None,41.762801967000996,None,41.762801967000996,None,41.762801967000996,None,1.5257315899980313,,,,,,,,,,,,,,,,,,,,,,,,,,,,,,,,,,,,,,,,,,,,,,,,,,,,,,,,,,,,,,,,,,,,,,,,,,,,,,,,,,,456456,001,2020_ápr_28_1614,trk-encoding,2020.1.0,957.1490130154904,
,,,,,,,,,,,,,,,,,,,,,,,,,,,,,,,,,,,,,,,,,,,,,,,,,,,,,,,,,,,,,,,,,,,,,,,,,,,,,,,,,,,,,,,,,,,,,,,,,,,,,,,,,,,42.69801739800096,None,right,1.9985442729994247,42.69801739800096,None,,,,,,,,,,,,,,,,,,,,,,,,,,,,,,,,,,,,,,,,,,,,,,,,,,,,,,,,,,,,,,,,,,,,,,,,,,,,,456456,001,2020_ápr_28_1614,trk-encoding,2020.1.0,957.1490130154904,
,,OLP,1,stimuli/fractals/101b.jpg,212.1320344,212.1320344,2000,,1,1,3,stimuli/fractals/101b.jpg,stimuli/fractals/101a.jpg,stimuli/fractals/101c.jpg,212.1320344,212.1320344,0.0,300.0,300.0,0.0,-212.1320344,-212.1320344,,,,,,,,,,0,0,0,0,0,0,0,0,,,,,,,,,,,,,,,,,,,,,,,,,,,,,,,,,,,,,,,,,,,,,,,46.770976445001,None,46.770976445001,None,None,46.770976445001,None,48.842620605002594,None,48.842620605002594,None,None,48.842620605002594,None,,,,,,,,,,,,,,44.699210238002706,None,,,,,,,,,,,,,,,,,,,,,,,,,,,,,,,,,,,,,,,,,,,,,,,,,,,,,,,,,,,,,,,,,,,,,,,,,,,456456,001,2020_ápr_28_1614,trk-encoding,2020.1.0,957.1490130154904,
,,OLP,1,stimuli/fractals/97b.jpg,212.1320344,-212.1320344,6000,,2,1,3,stimuli/fractals/97b.jpg,stimuli/fractals/97c.jpg,stimuli/fractals/97a.jpg,212.1320344,-212.1320344,0.0,-300.0,300.0,0.0,-212.1320344,212.1320344,,,,,,,,,,0,0,0,0,0,1,1,1,,,,,,,,,,,,,,,,,,,,,,,,,,,,,,,,,,,,,,,,,,,,,,,51.7821728050003,None,51.7821728050003,None,None,51.7821728050003,None,57.85277762700207,None,57.85277762700207,None,None,57.85277762700207,None,,,,,,,,,,,,,,,,,,,,,,,,,,,,,,,,,,,,,,,,,,,,,,,,,,,,,,,,,,,,,,,,,,,,,,,,,,,,,,,,,,,,,,,,,,456456,001,2020_ápr_28_1614,trk-encoding,2020.1.0,957.1490130154904,
,,LLP,1,stimuli/fractals/76b.jpg,212.1320344,212.1320344,2000,,3,1,5,stimuli/fractals/76b.jpg,stimuli/fractals/76c.jpg,stimuli/fractals/76a.jpg,212.1320344,212.1320344,300.0,0.0,0.0,300.0,-212.1320344,-212.1320344,,,,,,,,,,1,0,1,0,0,0,0,0,,,,,,,,,,,,,,,,,,,,,,,,,,,,,,,,,,,,,,,,,,,,,,,64.73466475900204,None,64.73466475900204,None,None,64.73466475900204,None,66.80633361100263,None,66.80633361100263,None,None,66.80633361100263,None,,,,,,,,,,,,,,62.66486667100253,None,60.80006030300137,None,right,1.8614061749976827,60.80006030300137,None,,,,,,,,,,,,,,,,,,,,,,,,,,,,,,,,,,,,,,,,,,,,,,,,,,,,,,,,,,,,,,,,,,,,,456456,001,2020_ápr_28_1614,trk-encoding,2020.1.0,957.1490130154904,
,,ERP,1,stimuli/fractals/19a.jpg,212.1320344,-212.1320344,1000,,4,1,2,stimuli/fractals/19a.jpg,stimuli/fractals/19c.jpg,stimuli/fractals/19b.jpg,212.1320344,-212.1320344,300.0,0.0,0.0,-300.0,-300.0,0.0,,,,,,,,,,1,0,1,0,0,1,1,1,,,,,,,,,,,,,,,,,,,,,,,,,,,,,,,,,,,,,,,,,,,,,,,69.7482916049994,None,69.7482916049994,None,None,69.7482916049994,None,70.81812427200202,None,70.81812427200202,None,None,70.81812427200202,None,,,,,,,,,,,,,,,,,,,,,,,,,,,,,,,,,,,,,,,,,,,,,,,,,,,,,,,,,,,,,,,,,,,,,,,,,,,,,,,,,,,,,,,,,,456456,001,2020_ápr_28_1614,trk-encoding,2020.1.0,957.1490130154904,
,,OLP,2,stimuli/fractals/101a.jpg,212.1320344,212.1320344,5000,,5,1,0,stimuli/fractals/101b.jpg,stimuli/fractals/101a.jpg,stimuli/fractals/101c.jpg,212.1320344,212.1320344,0.0,300.0,300.0,0.0,-212.1320344,-212.1320344,,,,,,,,,,2,0,2,0,0,0,0,0,,,,,,,,,,,,,,,,,,,,,,,,,,,,,,,,,,,,,,,,,,,,,,,81.76565356100036,None,81.76565356100036,None,None,81.76565356100036,None,86.83590322800228,None,86.83590322800228,None,None,86.83590322800228,None,,,,,,,,,,,,,,79.69514640499983,None,73.75320885800102,None,right,5.93887836200156,73.75320885800102,None,,,,,,,,,,,,,,,,,,,,,,,,,,,,,,,,,,,,,,,,,,,,,,,,,,,,,,,,,,,,,,,,,,,,,456456,001,2020_ápr_28_1614,trk-encoding,2020.1.0,957.1490130154904,
,,OLP,2,stimuli/fractals/97c.jpg,212.1320344,-212.1320344,3000,,6,1,0,stimuli/fractals/97b.jpg,stimuli/fractals/97c.jpg,stimuli/fractals/97a.jpg,212.1320344,-212.1320344,0.0,-300.0,300.0,0.0,-212.1320344,212.1320344,,,,,,,,,,2,0,2,0,0,1,1,1,,,,,,,,,,,,,,,,,,,,,,,,,,,,,,,,,,,,,,,,,,,,,,,89.77735907900205,None,89.77735907900205,None,None,89.77735907900205,None,92.84622221099926,None,92.84622221099926,None,None,92.84622221099926,None,,,,,,,,,,,,,,,,,,,,,,,,,,,,,,,,,,,,,,,,,,,,,,,,,,,,,,,,,,,,,,,,,,,,,,,,,,,,,,,,,,,,,,,,,,456456,001,2020_ápr_28_1614,trk-encoding,2020.1.0,957.1490130154904,
,,,,,,,,,,,,,,,,,,,,,,,,,,,,,,,,,,,,,,,,,,,,,,,,,,,,,,,,,,,,,,,,,,,,,,,,,,,,,,,,,,,,,,,,,,,,,,,,,,,,,,,,,,,,,,,,,,,95.78859514600117,None,right,0.8826050049974583,95.78859514600117,None,96.67488127600154,None,98.67534266900111,None,right,0.6765322469982493,98.67534266900111,None,,,,,,,,,,,,,,,,,,,,,,,,,,,,,,,,,,,,,,,,,,,,,,,,,,,,,,,,,,,,,456456,001,2020_ápr_28_1614,trk-encoding,2020.1.0,957.1490130154904,
,,,,,,,,,,,,,,,,,,,,,,,,,,,,,,,,,,,,,,,,,,,,,,,,,,,,,,,,,,,,,,,,,,,,,,,,,,,,,,,,,,,,,,,,,,,,,,,,,,,,,,,,,,,,,,,,,,,,,,,,,,,,,,,,,99.35406414400131,None,right,0.5727400649993797,99.35406414400131,None,,,,,,,,,,,,,,,,,,,,,,,,,,,,,,,,,,,,,,,,,,,,,,,,,,,,,,,456456,001,2020_ápr_28_1614,trk-encoding,2020.1.0,957.1490130154904,
,,,,,,,,,,,,,,,,,,,,,,,,,,,,,,,,,,,,,,,,,,,,,,,,,,,,,,,,,,,,,,,,,,,,,,,,,,,,,,,,,,,,,,,,,,,,,,,,,,,,,,,,,,,,,,,,,,,,,,,,,,,,,,,,,,,,,,,99.9290065210007,None,right,0.5480020510003669,99.9290065210007,None,,,,,,,,,,,,,,,,,,,,,,,,,,,,,,,,,,,,,,,,,,,,,,,,,456456,001,2020_ápr_28_1614,trk-encoding,2020.1.0,957.1490130154904,
,,,,,,,,,,,,,,,,,,,,,,,,,,,,,,,,,,,,,,,,,,,,,,,,,,,,,,,,,,,,,,,,,,,,,,,,,,,,,,,,,,,,,,,,,,,,,,,,,,,,,,,,,,,,,,,,,,,,,,,,,,,,,,,,,,,,,,,,,,,,,100.47896003200003,None,right,0.6707598339999095,100.47896003200003,None,,,,,,,,,,,,,,,,,,,,,,,,,,,,,,,,,,,,,,,,,,,456456,001,2020_ápr_28_1614,trk-encoding,2020.1.0,957.1490130154904,
Demo,OBJ,LURE,,stimuli/fractals//181b.jpg,300.0,0.0,2300,,,,,,,,,,,,,,,,stimuli/fractals//181c.jpg,-300.0,0.0,-,Hasonló Képek,,,,,,,,,,,,,0,0,0,0,,,,,,,,,,,,,,,,,,,,,,,,,,,,,,,,,,,,,,,,,,,,,,,,,,,,,,,,,,,,,,,,,,,,,,,,,,,,,,,,,,,,,,,,,,,,,,,,,,,,,,,,101.30460235999999,None,101.30460235999999,None,101.30460235999999,None,101.30460235999999,None,right,0.23801364300015848,103.3005188160023,None,,,,,,,,,,,,,,,,,,,,,,,,,,,,,,,456456,001,2020_ápr_28_1614,trk-encoding,2020.1.0,957.1490130154904,
Demo,OBJ,LURE,,stimuli/fractals//149a.jpg,300.0,0.0,1000,,,,,,,,,,,,,,,,stimuli/fractals//149b.jpg,-300.0,0.0,-,Hasonló Képek,,,,,,,,,,,,,0,1,1,1,,,,,,,,,,,,,,,,,,,,,,,,,,,,,,,,,,,,,,,,,,,,,,,,,,,,,,,,,,,,,,,,,,,,,,,,,,,,,,,,,,,,,,,,,,,,,,,,,,,,,,,,103.67607134799982,None,103.67607134799982,None,103.67607134799982,None,103.67607134799982,None,right,0.21900494300280116,105.66950650299987,None,,,,,,,,,,,,,,,,,,,,,,,,,,,,,,,456456,001,2020_ápr_28_1614,trk-encoding,2020.1.0,957.1490130154904,
Demo,OBJ,LURE,,stimuli/fractals//177b.jpg,300.0,0.0,800,,,,,,,,,,,,,,,,stimuli/fractals//177c.jpg,-300.0,0.0,-,Hasonló Képek,,,,,,,,,,,,,0,2,2,2,,,,,,,,,,,,,,,,,,,,,,,,,,,,,,,,,,,,,,,,,,,,,,,,,,,,,,,,,,,,,,,,,,,,,,,,,,,,,,,,,,,,,,,,,,,,,,,,,,,,,,,,106.03305802500108,None,106.03305802500108,None,106.03305802500108,None,106.03305802500108,None,right,0.14998246200048015,108.03080749999936,None,,,,,,,,,,,,,,,,,,,,,,,,,,,,,,,456456,001,2020_ápr_28_1614,trk-encoding,2020.1.0,957.1490130154904,
Demo,OBJ,LURE,,stimuli/fractals//167a.jpg,300.0,0.0,1500,,,,,,,,,,,,,,,,stimuli/fractals//167b.jpg,-300.0,0.0,OBJ-TARGET,Hasonló Képek,,,,,,,,,,,,,0,3,3,3,,,,,,,,,,,,,,,,,,,,,,,,,,,,,,,,,,,,,,,,,,,,,,,,,,,,,,,,,,,,,,,,,,,,,,,,,,,,,,,,,,,,,,,,,,,,,,,,,,,,,,,,108.31177765400207,None,108.31177765400207,None,108.31177765400207,None,108.31177765400207,None,right,5.765151723000599,110.30932511100036,None,,,,,,,,,,,,,,,,,,,,,,,,,,,,,,,456456,001,2020_ápr_28_1614,trk-encoding,2020.1.0,957.1490130154904,
Demo,OBJ,FOIL,,stimuli/fractals//163a.jpg,300.0,0.0,600,,,,,,,,,,,,,,,,stimuli/fractals//173c.jpg,-300.0,0.0,-,Új Képek,,,,,,,,,,,,,0,4,4,4,,,,,,,,,,,,,,,,,,,,,,,,,,,,,,,,,,,,,,,,,,,,,,,,,,,,,,,,,,,,,,,,,,,,,,,,,,,,,,,,,,,,,,,,,,,,,,,,,,,,,,,,116.21320940499936,None,116.21320940499936,None,116.21320940499936,None,116.21320940499936,None,right,0.9151036249968456,118.21293523600252,None,,,,,,,,,,,,,,,,,,,,,,,,,,,,,,,456456,001,2020_ápr_28_1614,trk-encoding,2020.1.0,957.1490130154904,
Demo,LOC,LURE,,stimuli/fractals//166a.jpg,-300.0,0.0,800,,,,,,,,,,,,,,,,stimuli/fractals//166a.jpg,-212.1320344,-212.1320344,"LOC-TARGET, OBJ-LURE",Hasonló Helyek,,,,,,,,,,,,,0,5,5,5,,,,,,,,,,,,,,,,,,,,,,,,,,,,,,,,,,,,,,,,,,,,,,,,,,,,,,,,,,,,,,,,,,,,,,,,,,,,,,,,,,,,,,,,,,,,,,,,,,,,,,,,119.26309150100133,None,119.26309150100133,None,119.26309150100133,None,119.26309150100133,None,right,0.8378546299973095,121.26306478500192,None,,,,,,,,,,,,,,,,,,,,,,,,,,,,,,,456456,001,2020_ápr_28_1614,trk-encoding,2020.1.0,957.1490130154904,
Demo,LOC,LURE,,stimuli/fractals//159a.jpg,0.0,300.0,1500,,,,,,,,,,,,,,,,stimuli/fractals//159a.jpg,-212.1320344,212.1320344,LOC-LURE,Hasonló Helyek,,,,,,,,,,,,,0,6,6,6,,,,,,,,,,,,,,,,,,,,,,,,,,,,,,,,,,,,,,,,,,,,,,,,,,,,,,,,,,,,,,,,,,,,,,,,,,,,,,,,,,,,,,,,,,,,,,,,,,,,,,,,122.24635832700005,None,122.24635832700005,None,122.24635832700005,None,122.24635832700005,None,right,0.4972576399995887,124.24150972400093,None,,,,,,,,,,,,,,,,,,,,,,,,,,,,,,,456456,001,2020_ápr_28_1614,trk-encoding,2020.1.0,957.1490130154904,
Demo,LOC,LURE,,stimuli/fractals//148b.jpg,212.1320344,212.1320344,800,,,,,,,,,,,,,,,,stimuli/fractals//148b.jpg,0.0,300.0,LOC-FOIL,Hasonló Helyek,,,,,,,,,,,,,0,7,7,7,,,,,,,,,,,,,,,,,,,,,,,,,,,,,,,,,,,,,,,,,,,,,,,,,,,,,,,,,,,,,,,,,,,,,,,,,,,,,,,,,,,,,,,,,,,,,,,,,,,,,,,,124.86980902399955,None,124.86980902399955,None,124.86980902399955,None,124.86980902399955,None,right,1.7081511030010006,126.8656275760004,None,,,,,,,,,,,,,,,,,,,,,,,,,,,,,,,456456,001,2020_ápr_28_1614,trk-encoding,2020.1.0,957.1490130154904,
Demo,LOC,FOIL,,stimuli/fractals//177b.jpg,300.0,0.0,800,,,,,,,,,,,,,,,,stimuli/fractals//177b.jpg,-212.1320344,212.1320344,OBJ-LURE,Új Helyek,,,,,,,,,,,,,0,8,8,8,,,,,,,,,,,,,,,,,,,,,,,,,,,,,,,,,,,,,,,,,,,,,,,,,,,,,,,,,,,,,,,,,,,,,,,,,,,,,,,,,,,,,,,,,,,,,,,,,,,,,,,,128.71981901400068,None,128.71981901400068,None,128.71981901400068,None,128.71981901400068,None,right,0.818157195000822,130.71746341499966,None,,,,,,,,,,,,,,,,,,,,,,,,,,,,,,,456456,001,2020_ápr_28_1614,trk-encoding,2020.1.0,957.1490130154904,
Demo,LOC,FOIL,,stimuli/fractals//177b.jpg,300.0,0.0,1200,,,,,,,,,,,,,,,,stimuli/fractals//177b.jpg,-300.0,0.0,OBJ-LURE,Új Helyek,,,,,,,,,,,,,0,9,9,9,,,,,,,,,,,,,,,,,,,,,,,,,,,,,,,,,,,,,,,,,,,,,,,,,,,,,,,,,,,,,,,,,,,,,,,,,,,,,,,,,,,,,,,,,,,,,,,,,,,,,,,,131.68260472700058,None,131.68260472700058,None,131.68260472700058,None,131.68260472700058,None,right,0.22018295099769603,133.67866946700087,None,,,,,,,,,,,,,,,,,,,,,,,,,,,,,,,456456,001,2020_ápr_28_1614,trk-encoding,2020.1.0,957.1490130154904,
,,,,,,,,,,,,,,,,,,,,,,,,,,,,,,,,,,,,,,,,,,,,,,,,,,,,,,,,,,,,,,,,,,,,,,,,,,,,,,,,,,,,,,,,,,,,,,,,,,,,,,,,,,,,,,,,,,,,,,,,,,,,,,,,,,,,,,,,,,,,,,,,,,,,,,,,,,,,,,,133.90245356200103,None,right,0.14996191699901829,138.9003499160026,None,,,,,,,,,,,,,,,,,,,,,,,,,456456,001,2020_ápr_28_1614,trk-encoding,2020.1.0,957.1490130154904,
,,,,,,,,,,,,,,,,,,,,,,,,,,,,,,,,,,,,,,,,,,,,,,,,,,,,,,,,,,,,,,,,,,,,,,,,,,,,,,,,,,,,139.05199156800154,None,,,,,,,,,,,,,,,,,,,,,,,,,,,,,,,,,,,,,,,,,,,,,,,,,,,,,,,,,,,,,,,,,,,,,,,,,,,,,,,,140.05746978800016,None,141.07010153960144,None,141.07010153960144,None,None,141.07010153960144,None,141.07010153960144,None,141.07010153960144,None,141.14543874100127,None,141.14543874100127,None,None,141.14543874100127,None,141.14543874100127,None,141.14543874100127,None,,,,,,,
