﻿Task,TrialType,StimType,Order,CurrentImage,CurrentX,CurrentY,Jitter,Section,TrialIndex,ScannerRun,Delay,TripletMemberA,TripletMemberB,TripletMemberC,Xcoordinate,Ycoordinate,Xcoordinate_lure1,Ycoordinate_lure1,Xcoordinate_lure2,Ycoordinate_lure2,Xcoordinate_foil,Ycoordinate_foil,DemoImage,DemoX,DemoY,InPractice,DemoText,BlockNr,Filler,enc_practice_trials.thisRepN,enc_practice_trials.thisTrialN,enc_practice_trials.thisN,enc_practice_trials.thisIndex,enc_runs.thisRepN,enc_runs.thisTrialN,enc_runs.thisN,enc_runs.thisIndex,enc_trials.thisRepN,enc_trials.thisTrialN,enc_trials.thisN,enc_trials.thisIndex,demo_trials.thisRepN,demo_trials.thisTrialN,demo_trials.thisN,demo_trials.thisIndex,rec_practice_blocks.thisRepN,rec_practice_blocks.thisTrialN,rec_practice_blocks.thisN,rec_practice_blocks.thisIndex,rec_practice_trials.thisRepN,rec_practice_trials.thisTrialN,rec_practice_trials.thisN,rec_practice_trials.thisIndex,lab_thanks.started,lab_thanks.stopped,lab_key.keys,lab_key.rt,lab_key.started,lab_key.stopped,start_encoding_text.started,start_encoding_text.stopped,enc_instructions_1_text.started,enc_instructions_1_text.stopped,enc_instructions_1_image.started,enc_instructions_1_image.stopped,enc_instructions_1_key.keys,enc_instructions_1_key.rt,enc_instructions_1_key.started,enc_instructions_1_key.stopped,enc_instructions_2_text.started,enc_instructions_2_text.stopped,enc_instructions_2_image.started,enc_instructions_2_image.stopped,enc_instructions_2_key.keys,enc_instructions_2_key.rt,enc_instructions_2_key.started,enc_instructions_2_key.stopped,enc_instructions_3_text.started,enc_instructions_3_text.stopped,enc_instructions_3_key.keys,enc_instructions_3_key.rt,enc_instructions_3_key.started,enc_instructions_3_key.stopped,start_practice_text.started,start_practice_text.stopped,enc_fx_map.started,enc_fx_map.stopped,enc_fx_cross.started,enc_fx_cross.stopped,enc_fx_key.keys,enc_fx_key.started,enc_fx_key.stopped,enc_trial_map.started,enc_trial_map.stopped,enc_trial_main_image.started,enc_trial_main_image.stopped,enc_trial_key.keys,enc_trial_key.started,enc_trial_key.stopped,enc_practice_feedback_map.started,enc_practice_feedback_map.stopped,enc_practice_feedback_image.started,enc_practice_feedback_image.stopped,enc_practice_feedback_text.started,enc_practice_feedback_text.stopped,end_practice_text.started,end_practice_text.stopped,end_practice_key.keys,end_practice_key.rt,end_practice_key.started,end_practice_key.stopped,start_enc_run_text.started,start_enc_run_text.stopped,end_enc_run_text.started,end_enc_run_text.stopped,enc_run_end_key.keys,enc_run_end_key.rt,enc_run_end_key.started,enc_run_end_key.stopped,start_recognition_text.started,start_recognition_text.stopped,rec_instructions_1_text.started,rec_instructions_1_text.stopped,rec_instructions_1_key.keys,rec_instructions_1_key.rt,rec_instructions_1_key.started,rec_instructions_1_key.stopped,rec_instructions2_text.started,rec_instructions2_text.stopped,rec_instructions_2_key.keys,rec_instructions_2_key.rt,rec_instructions_2_key.started,rec_instructions_2_key.stopped,rec_instrauction_3_text.started,rec_instrauction_3_text.stopped,rec_instructions_3_key.keys,rec_instructions_3_key.rt,rec_instructions_3_key.started,rec_instructions_3_key.stopped,rec_instructions_4_text.started,rec_instructions_4_text.stopped,rec_instructions_4_key.keys,rec_instructions_4_key.rt,rec_instructions_4_key.started,rec_instructions_4_key.stopped,demo_map.started,demo_map.stopped,demo_main_image.started,demo_main_image.stopped,demo_image.started,demo_image.stopped,demo_text.started,demo_text.stopped,demo_key.keys,demo_key.rt,demo_key.started,demo_key.stopped,demo_end_text.started,demo_end_text.stopped,demo_end_key.keys,demo_end_key.rt,demo_end_key.started,demo_end_key.stopped,rec_practice_block_text.started,rec_practice_block_text.stopped,rec_fx_map.started,rec_fx_map.stopped,rec_fx_cross.started,rec_fx_cross.stopped,rec_fx_key.keys,rec_fx_key.started,rec_fx_key.stopped,rec_fx_text_block.started,rec_fx_text_block.stopped,rec_fx_instructions_text.started,rec_fx_instructions_text.stopped,rec_trial_map.started,rec_trial_map.stopped,rec_trial_main_image.started,rec_trial_main_image.stopped,rec_trial_key.keys,rec_trial_key.rt,rec_trial_key.started,rec_trial_key.stopped,rec_trial_text_block.started,rec_trial_text_block.stopped,rec_trial_instructions_text.started,rec_trial_instructions_text.stopped,rec_practice_feedback_text.started,rec_practice_feedback_text.stopped,participant,session,date,expName,psychopyVersion,frameRate,
,,,,,,,,,,,,,,,,,,,,,,,,,,,,,,,,,,,,,,,,,,,,,,,,,,,,,,5.741587943000923,None,right,6.334593825999036,5.741587943000923,None,,,,,,,,,,,,,,,,,,,,,,,,,,,,,,,,,,,,,,,,,,,,,,,,,,,,,,,,,,,,,,,,,,,,,,,,,,,,,,,,,,,,,,,,,,,,,,,,,,,,,,,,,,,,,,,,,,,,,,,,,,,,,,,,,,,,46456,001,2020_ápr_28_1619,trk-encoding,2020.1.0,1005.7303497906042,
,,,,,,,,,,,,,,,,,,,,,,,,,,,,,,,,,,,,,,,,,,,,,,,,,,,,,,,,,,,,12.08255257899873,None,13.584756202999415,None,13.584756202999415,None,right,0.029295940999872983,13.584756202999415,None,,,,,,,,,,,,,,,,,,,,,,,,,,,,,,,,,,,,,,,,,,,,,,,,,,,,,,,,,,,,,,,,,,,,,,,,,,,,,,,,,,,,,,,,,,,,,,,,,,,,,,,,,,,,,,,,,,,,,,,,,,46456,001,2020_ápr_28_1619,trk-encoding,2020.1.0,1005.7303497906042,
,,,,,,,,,,,,,,,,,,,,,,,,,,,,,,,,,,,,,,,,,,,,,,,,,,,,,,,,,,,,,,,,,,,,,,13.617321239999,None,13.617321239999,None,right,1.0892699700016237,13.617321239999,None,,,,,,,,,,,,,,,,,,,,,,,,,,,,,,,,,,,,,,,,,,,,,,,,,,,,,,,,,,,,,,,,,,,,,,,,,,,,,,,,,,,,,,,,,,,,,,,,,,,,,,,,,,,,,,,,,,46456,001,2020_ápr_28_1619,trk-encoding,2020.1.0,1005.7303497906042,
,,,,,,,,,,,,,,,,,,,,,,,,,,,,,,,,,,,,,,,,,,,,,,,,,,,,,,,,,,,,,,,,,,,,,,,,,,,,,,14.70838167599868,None,right,0.5104985220023082,14.70838167599868,None,,,,,,,,,,,,,,,,,,,,,,,,,,,,,,,,,,,,,,,,,,,,,,,,,,,,,,,,,,,,,,,,,,,,,,,,,,,,,,,,,,,,,,,,,,,,,,,,,,,,,,,,,,,,46456,001,2020_ápr_28_1619,trk-encoding,2020.1.0,1005.7303497906042,
EncodingPractice,OBJ,TARGET,1,stimuli/fractals/167a.jpg,300.0,0.0,500,Encoding,,,,,,,,,,,,,,,,,,,,,,0,0,0,1,,,,,,,,,,,,,,,,,,,,,,,,,,,,,,,,,,,,,,,,,,,,,,,,,,,15.220425413001067,None,16.23094686100012,None,16.23094686100012,None,None,16.23094686100012,None,16.76970896200146,None,16.76970896200146,None,None,16.76970896200146,None,19.772965119998844,None,19.772965119998844,None,19.772965119998844,None,,,,,,,,,,,,,,,,,,,,,,,,,,,,,,,,,,,,,,,,,,,,,,,,,,,,,,,,,,,,,,,,,,,,,,,,,,,,,,,,,,,,,,46456,001,2020_ápr_28_1619,trk-encoding,2020.1.0,1005.7303497906042,
EncodingPractice,-,-,1,stimuli/fractals/177b.jpg,300.0,0.0,800,Encoding,,,,,,,,,,,,,,,,,,,,,,0,1,1,4,,,,,,,,,,,,,,,,,,,,,,,,,,,,,,,,,,,,,,,,,,,,,,,,,,,,,20.738343085999077,None,20.738343085999077,None,None,20.738343085999077,None,21.578739704000327,None,21.578739704000327,None,None,21.578739704000327,None,24.580622845998732,None,24.580622845998732,None,24.580622845998732,None,,,,,,,,,,,,,,,,,,,,,,,,,,,,,,,,,,,,,,,,,,,,,,,,,,,,,,,,,,,,,,,,,,,,,,,,,,,,,,,,,,,,,,46456,001,2020_ápr_28_1619,trk-encoding,2020.1.0,1005.7303497906042,
EncodingPractice,LOC,FOIL,1,stimuli/fractals/148b.jpg,212.1320344,212.1320344,1000,Encoding,,,,,,,,,,,,,,,,,,,,,,0,2,2,2,,,,,,,,,,,,,,,,,,,,,,,,,,,,,,,,,,,,,,,,,,,,,,,,,,,,,25.54782085500119,None,25.54782085500119,None,None,25.54782085500119,None,26.61523531000057,None,26.61523531000057,None,None,26.61523531000057,None,29.6197893460012,None,29.6197893460012,None,29.6197893460012,None,,,,,,,,,,,,,,,,,,,,,,,,,,,,,,,,,,,,,,,,,,,,,,,,,,,,,,,,,,,,,,,,,,,,,,,,,,,,,,,,,,,,,,46456,001,2020_ápr_28_1619,trk-encoding,2020.1.0,1005.7303497906042,
EncodingPractice,LOC,LURE,1,stimuli/fractals/159a.jpg,0.0,300.0,5000,Encoding,,,,,,,,,,,,,,,,,,,,,,0,3,3,3,,,,,,,,,,,,,,,,,,,,,,,,,,,,,,,,,,,,,,,,,,,,,,,,,,,,,30.55487452500165,None,30.55487452500165,None,None,30.55487452500165,None,35.62970078199942,None,35.62970078199942,None,None,35.62970078199942,None,38.63158578399816,None,38.63158578399816,None,38.63158578399816,None,,,,,,,,,,,,,,,,,,,,,,,,,,,,,,,,,,,,,,,,,,,,,,,,,,,,,,,,,,,,,,,,,,,,,,,,,,,,,,,,,,,,,,46456,001,2020_ápr_28_1619,trk-encoding,2020.1.0,1005.7303497906042,
EncodingPractice,LOC,TARGET,1,stimuli/fractals/166a.jpg,-300.0,0.0,1500,Encoding,,,,,,,,,,,,,,,,,,,,,,0,4,4,0,,,,,,,,,,,,,,,,,,,,,,,,,,,,,,,,,,,,,,,,,,,,,,,,,,,,,39.563243886001146,None,39.563243886001146,None,None,39.563243886001146,None,41.13170981299845,None,41.13170981299845,None,None,41.13170981299845,None,44.135949392999464,None,44.135949392999464,None,44.135949392999464,None,,,,,,,,,,,,,,,,,,,,,,,,,,,,,,,,,,,,,,,,,,,,,,,,,,,,,,,,,,,,,,,,,,,,,,,,,,,,,,,,,,,,,,46456,001,2020_ápr_28_1619,trk-encoding,2020.1.0,1005.7303497906042,
,,,,,,,,,,,,,,,,,,,,,,,,,,,,,,,,,,,,,,,,,,,,,,,,,,,,,,,,,,,,,,,,,,,,,,,,,,,,,,,,,,,,,,,,,,,,,,,,,,,,,,,,,,45.07009139799993,None,right,1.8935418040018703,45.07009139799993,None,,,,,,,,,,,,,,,,,,,,,,,,,,,,,,,,,,,,,,,,,,,,,,,,,,,,,,,,,,,,,,,,,,,,,,,,,,,,,,,,46456,001,2020_ápr_28_1619,trk-encoding,2020.1.0,1005.7303497906042,
,,OLP,1,stimuli/fractals/101b.jpg,212.1320344,212.1320344,2000,,1,1,3,stimuli/fractals/101b.jpg,stimuli/fractals/101a.jpg,stimuli/fractals/101c.jpg,212.1320344,212.1320344,0.0,300.0,300.0,0.0,-212.1320344,-212.1320344,,,,,,,,,,,,0,0,0,0,0,0,0,0,,,,,,,,,,,,,,,,,,,,,,,,,,,,,,,,,,,,,,,,,,,,,49.03799191800135,None,49.03799191800135,None,None,49.03799191800135,None,51.108966409999994,None,51.108966409999994,None,None,51.108966409999994,None,,,,,,,,,,,,,46.96629565799958,None,,,,,,,,,,,,,,,,,,,,,,,,,,,,,,,,,,,,,,,,,,,,,,,,,,,,,,,,,,,,,,,,,,,,,,,,,,,,,,46456,001,2020_ápr_28_1619,trk-encoding,2020.1.0,1005.7303497906042,
,,OLP,1,stimuli/fractals/97b.jpg,212.1320344,-212.1320344,6000,,2,1,3,stimuli/fractals/97b.jpg,stimuli/fractals/97c.jpg,stimuli/fractals/97a.jpg,212.1320344,-212.1320344,0.0,-300.0,300.0,0.0,-212.1320344,212.1320344,,,,,,,,,,,,0,0,0,0,0,1,1,1,,,,,,,,,,,,,,,,,,,,,,,,,,,,,,,,,,,,,,,,,,,,,54.04701919099898,None,54.04701919099898,None,None,54.04701919099898,None,60.11564840700157,None,60.11564840700157,None,None,60.11564840700157,None,,,,,,,,,,,,,,,,,,,,,,,,,,,,,,,,,,,,,,,,,,,,,,,,,,,,,,,,,,,,,,,,,,,,,,,,,,,,,,,,,,,,,,,,,,,,46456,001,2020_ápr_28_1619,trk-encoding,2020.1.0,1005.7303497906042,
,,LLP,1,stimuli/fractals/76b.jpg,212.1320344,212.1320344,2000,,3,1,5,stimuli/fractals/76b.jpg,stimuli/fractals/76c.jpg,stimuli/fractals/76a.jpg,212.1320344,212.1320344,300.0,0.0,0.0,300.0,-212.1320344,-212.1320344,,,,,,,,,,,,1,0,1,0,0,0,0,0,,,,,,,,,,,,,,,,,,,,,,,,,,,,,,,,,,,,,,,,,,,,,66.39309347100061,None,66.39309347100061,None,None,66.39309347100061,None,68.46378380299939,None,68.46378380299939,None,None,68.46378380299939,None,,,,,,,,,,,,,64.32157089500106,None,63.06173949599906,None,right,1.2564679669994803,63.06173949599906,None,,,,,,,,,,,,,,,,,,,,,,,,,,,,,,,,,,,,,,,,,,,,,,,,,,,,,,,,,,,,,,,,,,,,,,,,46456,001,2020_ápr_28_1619,trk-encoding,2020.1.0,1005.7303497906042,
,,ERP,1,stimuli/fractals/19a.jpg,212.1320344,-212.1320344,1000,,4,1,2,stimuli/fractals/19a.jpg,stimuli/fractals/19c.jpg,stimuli/fractals/19b.jpg,212.1320344,-212.1320344,300.0,0.0,0.0,-300.0,-300.0,0.0,,,,,,,,,,,,1,0,1,0,0,1,1,1,,,,,,,,,,,,,,,,,,,,,,,,,,,,,,,,,,,,,,,,,,,,,71.40261432899933,None,71.40261432899933,None,None,71.40261432899933,None,72.47089410999979,None,72.47089410999979,None,None,72.47089410999979,None,,,,,,,,,,,,,,,,,,,,,,,,,,,,,,,,,,,,,,,,,,,,,,,,,,,,,,,,,,,,,,,,,,,,,,,,,,,,,,,,,,,,,,,,,,,,46456,001,2020_ápr_28_1619,trk-encoding,2020.1.0,1005.7303497906042,
,,OLP,2,stimuli/fractals/101a.jpg,212.1320344,212.1320344,5000,,5,1,0,stimuli/fractals/101b.jpg,stimuli/fractals/101a.jpg,stimuli/fractals/101c.jpg,212.1320344,212.1320344,0.0,300.0,300.0,0.0,-212.1320344,-212.1320344,,,,,,,,,,,,2,0,2,0,0,0,0,0,,,,,,,,,,,,,,,,,,,,,,,,,,,,,,,,,,,,,,,,,,,,,78.90831378700022,None,78.90831378700022,None,None,78.90831378700022,None,83.97936565299824,None,83.97936565299824,None,None,83.97936565299824,None,,,,,,,,,,,,,76.83777806199942,None,75.40829763399961,None,right,1.426437056998111,75.40829763399961,None,,,,,,,,,,,,,,,,,,,,,,,,,,,,,,,,,,,,,,,,,,,,,,,,,,,,,,,,,,,,,,,,,,,,,,,,46456,001,2020_ápr_28_1619,trk-encoding,2020.1.0,1005.7303497906042,
,,OLP,2,stimuli/fractals/97c.jpg,212.1320344,-212.1320344,3000,,6,1,0,stimuli/fractals/97b.jpg,stimuli/fractals/97c.jpg,stimuli/fractals/97a.jpg,212.1320344,-212.1320344,0.0,-300.0,300.0,0.0,-212.1320344,212.1320344,,,,,,,,,,,,2,0,2,0,0,1,1,1,,,,,,,,,,,,,,,,,,,,,,,,,,,,,,,,,,,,,,,,,,,,,86.92196398300075,None,86.92196398300075,None,None,86.92196398300075,None,89.99184891199911,None,89.99184891199911,None,None,89.99184891199911,None,,,,,,,,,,,,,,,,,,,,,,,,,,,,,,,,,,,,,,,,,,,,,,,,,,,,,,,,,,,,,,,,,,,,,,,,,,,,,,,,,,,,,,,,,,,,46456,001,2020_ápr_28_1619,trk-encoding,2020.1.0,1005.7303497906042,
,,,,,,,,,,,,,,,,,,,,,,,,,,,,,,,,,,,,,,,,,,,,,,,,,,,,,,,,,,,,,,,,,,,,,,,,,,,,,,,,,,,,,,,,,,,,,,,,,,,,,,,,,,,,,,,,,,92.93332699199891,None,right,2.193664507001813,92.93332699199891,None,95.1300841480006,None,97.13176365699837,None,right,0.8955004189992906,97.13176365699837,None,,,,,,,,,,,,,,,,,,,,,,,,,,,,,,,,,,,,,,,,,,,,,,,,,,,,,,,,,,,,,,,,46456,001,2020_ápr_28_1619,trk-encoding,2020.1.0,1005.7303497906042,
,,,,,,,,,,,,,,,,,,,,,,,,,,,,,,,,,,,,,,,,,,,,,,,,,,,,,,,,,,,,,,,,,,,,,,,,,,,,,,,,,,,,,,,,,,,,,,,,,,,,,,,,,,,,,,,,,,,,,,,,,,,,,,,,98.02947849799966,None,right,1.402774458998465,98.02947849799966,None,,,,,,,,,,,,,,,,,,,,,,,,,,,,,,,,,,,,,,,,,,,,,,,,,,,,,,,,,,46456,001,2020_ápr_28_1619,trk-encoding,2020.1.0,1005.7303497906042,
,,,,,,,,,,,,,,,,,,,,,,,,,,,,,,,,,,,,,,,,,,,,,,,,,,,,,,,,,,,,,,,,,,,,,,,,,,,,,,,,,,,,,,,,,,,,,,,,,,,,,,,,,,,,,,,,,,,,,,,,,,,,,,,,,,,,,,99.43461357900014,None,right,7.157619814999634,99.43461357900014,None,,,,,,,,,,,,,,,,,,,,,,,,,,,,,,,,,,,,,,,,,,,,,,,,,,,,46456,001,2020_ápr_28_1619,trk-encoding,2020.1.0,1005.7303497906042,
,,,,,,,,,,,,,,,,,,,,,,,,,,,,,,,,,,,,,,,,,,,,,,,,,,,,,,,,,,,,,,,,,,,,,,,,,,,,,,,,,,,,,,,,,,,,,,,,,,,,,,,,,,,,,,,,,,,,,,,,,,,,,,,,,,,,,,,,,,,,106.5941788400014,None,right,1.530434698001045,106.5941788400014,None,,,,,,,,,,,,,,,,,,,,,,,,,,,,,,,,,,,,,,,,,,,,,,46456,001,2020_ápr_28_1619,trk-encoding,2020.1.0,1005.7303497906042,
Demo,OBJ,LURE,,stimuli/fractals//181b.jpg,300.0,0.0,2300,,,,,,,,,,,,,,,,stimuli/fractals//181c.jpg,-300.0,0.0,-,Hasonló Képek,,,,,,,,,,,,,,,0,0,0,0,,,,,,,,,,,,,,,,,,,,,,,,,,,,,,,,,,,,,,,,,,,,,,,,,,,,,,,,,,,,,,,,,,,,,,,,,,,,,,,,,,,,,,,,,,,,,,,,,,,,,108.28111045300102,None,108.28111045300102,None,108.28111045300102,None,108.28111045300102,None,right,6.3768492650015105,110.27852785700088,None,,,,,,,,,,,,,,,,,,,,,,,,,,,,,,,,,,46456,001,2020_ápr_28_1619,trk-encoding,2020.1.0,1005.7303497906042,
Demo,OBJ,LURE,,stimuli/fractals//149a.jpg,300.0,0.0,1000,,,,,,,,,,,,,,,,stimuli/fractals//149b.jpg,-300.0,0.0,-,Hasonló Képek,,,,,,,,,,,,,,,0,1,1,1,,,,,,,,,,,,,,,,,,,,,,,,,,,,,,,,,,,,,,,,,,,,,,,,,,,,,,,,,,,,,,,,,,,,,,,,,,,,,,,,,,,,,,,,,,,,,,,,,,,,,116.79073842800062,None,116.79073842800062,None,116.79073842800062,None,116.79073842800062,None,right,0.18758278799941763,118.78876411199963,None,,,,,,,,,,,,,,,,,,,,,,,,,,,,,,,,,,46456,001,2020_ápr_28_1619,trk-encoding,2020.1.0,1005.7303497906042,
Demo,OBJ,LURE,,stimuli/fractals//177b.jpg,300.0,0.0,800,,,,,,,,,,,,,,,,stimuli/fractals//177c.jpg,-300.0,0.0,-,Hasonló Képek,,,,,,,,,,,,,,,0,2,2,2,,,,,,,,,,,,,,,,,,,,,,,,,,,,,,,,,,,,,,,,,,,,,,,,,,,,,,,,,,,,,,,,,,,,,,,,,,,,,,,,,,,,,,,,,,,,,,,,,,,,,119.12261621300058,None,119.12261621300058,None,119.12261621300058,None,119.12261621300058,None,right,0.39411690600172733,121.11737107600129,None,,,,,,,,,,,,,,,,,,,,,,,,,,,,,,,,,,46456,001,2020_ápr_28_1619,trk-encoding,2020.1.0,1005.7303497906042,
Demo,OBJ,LURE,,stimuli/fractals//167a.jpg,300.0,0.0,1500,,,,,,,,,,,,,,,,stimuli/fractals//167b.jpg,-300.0,0.0,OBJ-TARGET,Hasonló Képek,,,,,,,,,,,,,,,0,3,3,3,,,,,,,,,,,,,,,,,,,,,,,,,,,,,,,,,,,,,,,,,,,,,,,,,,,,,,,,,,,,,,,,,,,,,,,,,,,,,,,,,,,,,,,,,,,,,,,,,,,,,121.64621720500145,None,121.64621720500145,None,121.64621720500145,None,121.64621720500145,None,right,2.366862464998121,123.63997463399937,None,,,,,,,,,,,,,,,,,,,,,,,,,,,,,,,,,,46456,001,2020_ápr_28_1619,trk-encoding,2020.1.0,1005.7303497906042,
Demo,OBJ,FOIL,,stimuli/fractals//163a.jpg,300.0,0.0,600,,,,,,,,,,,,,,,,stimuli/fractals//173c.jpg,-300.0,0.0,-,Új Képek,,,,,,,,,,,,,,,0,4,4,4,,,,,,,,,,,,,,,,,,,,,,,,,,,,,,,,,,,,,,,,,,,,,,,,,,,,,,,,,,,,,,,,,,,,,,,,,,,,,,,,,,,,,,,,,,,,,,,,,,,,,126.16589864499838,None,126.16589864499838,None,126.16589864499838,None,126.16589864499838,None,right,2.1852261849999195,128.1644602560009,None,,,,,,,,,,,,,,,,,,,,,,,,,,,,,,,,,,46456,001,2020_ápr_28_1619,trk-encoding,2020.1.0,1005.7303497906042,
Demo,LOC,LURE,,stimuli/fractals//166a.jpg,-300.0,0.0,800,,,,,,,,,,,,,,,,stimuli/fractals//166a.jpg,-212.1320344,-212.1320344,"LOC-TARGET, OBJ-LURE",Hasonló Helyek,,,,,,,,,,,,,,,0,5,5,5,,,,,,,,,,,,,,,,,,,,,,,,,,,,,,,,,,,,,,,,,,,,,,,,,,,,,,,,,,,,,,,,,,,,,,,,,,,,,,,,,,,,,,,,,,,,,,,,,,,,,130.4843503259981,None,130.4843503259981,None,130.4843503259981,None,130.4843503259981,None,right,1.2892580759980774,132.48425097400104,None,,,,,,,,,,,,,,,,,,,,,,,,,,,,,,,,,,46456,001,2020_ápr_28_1619,trk-encoding,2020.1.0,1005.7303497906042,
Demo,LOC,LURE,,stimuli/fractals//159a.jpg,0.0,300.0,1500,,,,,,,,,,,,,,,,stimuli/fractals//159a.jpg,-212.1320344,212.1320344,LOC-LURE,Hasonló Helyek,,,,,,,,,,,,,,,0,6,6,6,,,,,,,,,,,,,,,,,,,,,,,,,,,,,,,,,,,,,,,,,,,,,,,,,,,,,,,,,,,,,,,,,,,,,,,,,,,,,,,,,,,,,,,,,,,,,,,,,,,,,133.9164218299993,None,133.9164218299993,None,133.9164218299993,None,133.9164218299993,None,right,1.1690581389993895,135.9147114949992,None,,,,,,,,,,,,,,,,,,,,,,,,,,,,,,,,,,46456,001,2020_ápr_28_1619,trk-encoding,2020.1.0,1005.7303497906042,
Demo,LOC,LURE,,stimuli/fractals//148b.jpg,212.1320344,212.1320344,800,,,,,,,,,,,,,,,,stimuli/fractals//148b.jpg,0.0,300.0,LOC-FOIL,Hasonló Helyek,,,,,,,,,,,,,,,0,7,7,7,,,,,,,,,,,,,,,,,,,,,,,,,,,,,,,,,,,,,,,,,,,,,,,,,,,,,,,,,,,,,,,,,,,,,,,,,,,,,,,,,,,,,,,,,,,,,,,,,,,,,137.22145628499857,None,137.22145628499857,None,137.22145628499857,None,137.22145628499857,None,right,0.3360623520020454,139.21617412400155,None,,,,,,,,,,,,,,,,,,,,,,,,,,,,,,,,,,46456,001,2020_ápr_28_1619,trk-encoding,2020.1.0,1005.7303497906042,
Demo,LOC,FOIL,,stimuli/fractals//177b.jpg,300.0,0.0,800,,,,,,,,,,,,,,,,stimuli/fractals//177b.jpg,-212.1320344,212.1320344,OBJ-LURE,Új Helyek,,,,,,,,,,,,,,,0,8,8,8,,,,,,,,,,,,,,,,,,,,,,,,,,,,,,,,,,,,,,,,,,,,,,,,,,,,,,,,,,,,,,,,,,,,,,,,,,,,,,,,,,,,,,,,,,,,,,,,,,,,,139.70319337600085,None,139.70319337600085,None,139.70319337600085,None,139.70319337600085,None,right,1.2008963660009613,141.69750555200153,None,,,,,,,,,,,,,,,,,,,,,,,,,,,,,,,,,,46456,001,2020_ápr_28_1619,trk-encoding,2020.1.0,1005.7303497906042,
Demo,LOC,FOIL,,stimuli/fractals//177b.jpg,300.0,0.0,1200,,,,,,,,,,,,,,,,stimuli/fractals//177b.jpg,-300.0,0.0,OBJ-LURE,Új Helyek,,,,,,,,,,,,,,,0,9,9,9,,,,,,,,,,,,,,,,,,,,,,,,,,,,,,,,,,,,,,,,,,,,,,,,,,,,,,,,,,,,,,,,,,,,,,,,,,,,,,,,,,,,,,,,,,,,,,,,,,,,,143.04261024299922,None,143.04261024299922,None,143.04261024299922,None,143.04261024299922,None,right,2.9388481230016623,145.0391370799989,None,,,,,,,,,,,,,,,,,,,,,,,,,,,,,,,,,,46456,001,2020_ápr_28_1619,trk-encoding,2020.1.0,1005.7303497906042,
,,,,,,,,,,,,,,,,,,,,,,,,,,,,,,,,,,,,,,,,,,,,,,,,,,,,,,,,,,,,,,,,,,,,,,,,,,,,,,,,,,,,,,,,,,,,,,,,,,,,,,,,,,,,,,,,,,,,,,,,,,,,,,,,,,,,,,,,,,,,,,,,,,,,,,,,,,,,,,147.98146548799923,None,right,1.0631387239991454,152.97994553399985,None,,,,,,,,,,,,,,,,,,,,,,,,,,,,46456,001,2020_ápr_28_1619,trk-encoding,2020.1.0,1005.7303497906042,
RecognitionPractice,OBJ,FOIL,,stimuli/fractals/156b.jpg,212.1320344,212.1320344,0.6,,1,,,,,,,,,,,,,,,,,,,1,0,,,,,,,,,,,,,,,,,0,0,0,0,0,0,0,0,,,,,,,,,,,,,,,,,,,,,,,,,,,,,,,154.04477494199818,None,,,,,,,,,,,,,,,,,,,,,,,,,,,,,,,,,,,,,,,,,,,,,,,,,,,,,,,,,,,,,,,,,,,,,,,,,,,,,,,155.0495235189992,None,156.06194282499928,None,156.06194282499928,None,None,156.06194282499928,None,156.06194282499928,None,156.06194282499928,None,156.13783623600102,None,156.13783623600102,None,j,1.720690687001479,156.13783623600102,None,156.13783623600102,None,156.13783623600102,None,159.08261991100153,None,46456,001,2020_ápr_28_1619,trk-encoding,2020.1.0,1005.7303497906042,
RecognitionPractice,OBJ,LURE,,stimuli/fractals/166c.jpg,-300.0,0.0,0.6,,1,,,,,,,,,,,,,,,,,,,1,0,,,,,,,,,,,,,,,,,0,0,0,0,0,1,1,1,,,,,,,,,,,,,,,,,,,,,,,,,,,,,,,,,,,,,,,,,,,,,,,,,,,,,,,,,,,,,,,,,,,,,,,,,,,,,,,,,,,,,,,,,,,,,,,,,,,,,,,,,,,,,,,,,160.06689758799985,None,160.06689758799985,None,None,160.06689758799985,None,160.06689758799985,None,160.06689758799985,None,160.13771708100103,None,160.13771708100103,None,None,,160.13771708100103,None,160.13771708100103,None,160.13771708100103,None,163.07853324499956,None,46456,001,2020_ápr_28_1619,trk-encoding,2020.1.0,1005.7303497906042,
RecognitionPractice,OBJ,TARGET,,stimuli/fractals/167a.jpg,0.0,300.0,2.0,,2,,,,,,,,,,,,,,,,,,,1,0,,,,,,,,,,,,,,,,,0,0,0,0,0,2,2,2,,,,,,,,,,,,,,,,,,,,,,,,,,,,,,,,,,,,,,,,,,,,,,,,,,,,,,,,,,,,,,,,,,,,,,,,,,,,,,,,,,,,,,,,,,,,,,,,,,,,,,,,,,,,,,,,,164.07555423899976,None,164.07555423899976,None,None,164.07555423899976,None,164.07555423899976,None,164.07555423899976,None,164.14653102599914,None,164.14653102599914,None,k,1.0176933160000772,164.14653102599914,None,164.14653102599914,None,164.14653102599914,None,167.09054967400152,None,46456,001,2020_ápr_28_1619,trk-encoding,2020.1.0,1005.7303497906042,
RecognitionPractice,LOC,LURE,,stimuli/fractals/159a.jpg,212.1320344,212.1320344,1.0,,4,,,,,,,,,,,,,,,,,,,2,0,,,,,,,,,,,,,,,,,1,0,1,0,0,0,0,0,,,,,,,,,,,,,,,,,,,,,,,,,,,,,,,,,,,,,,,,,,,,,,,,,,,,,,,,,,,,,,,,,,,,,,,,,,,,,,,,,,,,,,,,,,,,,,,,,,,,,,,,,,,,,,,168.0835015320008,None,169.09623048199865,None,169.09623048199865,None,None,169.09623048199865,None,169.09623048199865,None,169.09623048199865,None,169.1739006079988,None,169.1739006079988,None,None,,169.1739006079988,None,169.1739006079988,None,169.1739006079988,None,172.1068320330014,None,46456,001,2020_ápr_28_1619,trk-encoding,2020.1.0,1005.7303497906042,
RecognitionPractice,LOC,FOIL,,stimuli/fractals/148b.jpg,-212.1320344,-212.1320344,1.5,,5,,,,,,,,,,,,,,,,,,,2,0,,,,,,,,,,,,,,,,,1,0,1,0,0,1,1,1,,,,,,,,,,,,,,,,,,,,,,,,,,,,,,,,,,,,,,,,,,,,,,,,,,,,,,,,,,,,,,,,,,,,,,,,,,,,,,,,,,,,,,,,,,,,,,,,,,,,,,,,,,,,,,,,,173.1061709860005,None,173.1061709860005,None,None,173.1061709860005,None,173.1061709860005,None,173.1061709860005,None,173.1757777849998,None,173.1757777849998,None,f,1.0208982510011992,173.1757777849998,None,173.1757777849998,None,173.1757777849998,None,176.1199465969985,None,46456,001,2020_ápr_28_1619,trk-encoding,2020.1.0,1005.7303497906042,
RecognitionPractice,LOC,TARGET,,stimuli/fractals/166a.jpg,-300.0,0.0,1.0,,6,,,,,,,,,,,,,,,,,,,2,0,,,,,,,,,,,,,,,,,1,0,1,0,0,2,2,2,,,,,,,,,,,,,,,,,,,,,,,,,,,,,,,,,,,,,,,,,,,,,,,,,,,,,,,,,,,,,,,,,,,,,,,,,,,,,,,,,,,,,,,,,,,,,,,,,,,,,,,,,,,,,,,,,177.11400954700002,None,177.11400954700002,None,None,177.11400954700002,None,177.11400954700002,None,177.11400954700002,None,177.18685018399992,None,177.18685018399992,None,f,2.420319284003199,177.18685018399992,None,177.18685018399992,None,177.18685018399992,None,180.12537601000076,None,46456,001,2020_ápr_28_1619,trk-encoding,2020.1.0,1005.7303497906042,
