﻿experiment_information_text.started,experiment_information_text.stopped,experiment_information_key.keys,experiment_information_key.rt,experiment_information_key.started,experiment_information_key.stopped,experiment_information_continue.started,experiment_information_continue.stopped,data_protection_text.started,data_protection_text.stopped,data_protection_key.keys,data_protection_key.rt,data_protection_key.started,data_protection_key.stopped,data_procetion_continue.started,data_procetion_continue.stopped,consent_text.started,consent_text.stopped,consent_key.keys,consent_key.rt,consent_key.started,consent_key.stopped,consent_continue.started,consent_continue.stopped,lab_thanks.started,lab_thanks.stopped,lab_key.keys,lab_key.rt,lab_key.started,lab_key.stopped,lab_introduction_continue.started,lab_introduction_continue.stopped,start_encoding_text.started,start_encoding_text.stopped,participant,A feltételeket (https://sites.google.com/view/magnesesrezonancia/home) elolvastam és megértettem. (igen/nem)*,Az adatkezelési tájékoztatót (https://sites.google.com/view/magnesesrezonancia/home) elolvastam és megértettem. (igen/nem),date,expName,psychopyVersion,frameRate,
52.321623768999416,None,right,2.2025965449993237,62.30631144099971,None,,,,,,,,,,,,,,,,,,,,,,,,,,,,,pilot,igen,igen,2020_ápr_30_1220,trk-encoding,2020.1.0,965.1283677841903,
,,,,,,62.30631144099971,None,64.51065513899994,None,right,5.394478760999846,69.5084685389993,None,,,,,,,,,,,,,,,,,,,,,pilot,igen,igen,2020_ápr_30_1220,trk-encoding,2020.1.0,965.1283677841903,
,,,,,,,,,,,,,,69.5084685389993,None,74.90481227800046,None,right,2.7799945709994063,79.90232546799962,None,,,,,,,,,,,,,pilot,igen,igen,2020_ápr_30_1220,trk-encoding,2020.1.0,965.1283677841903,
,,,,,,,,,,,,,,,,,,,,,,79.90232546799962,None,82.6843831770002,None,right,3.766109415999381,82.6843831770002,None,,,,,pilot,igen,igen,2020_ápr_30_1220,trk-encoding,2020.1.0,965.1283677841903,
,,,,,,,,,,,,,,,,,,,,,,,,,,,,,,83.6830920529992,None,86.463970797,None,,,,,,,,
